pickup_point_label,suburb,street,latitude,longitude,candidate_pickup_point,source_dataset,nearby_road_count,nearby_major_road_count,nearby_crossing_count,nearby_signal_count,access_complexity_score,distance_to_suncorp_km,complexity_band,walk_band
HERSCHEL STREET | BRISBANE CITY,BRISBANE CITY,HERSCHEL STREET,-27.46814206867016,153.018536441345,1,two_minute_passenger_loading_zones,601,129,23,17,306.5,0.962,Very High,500m-1km
PARKLAND BOULEVARD | BRISBANE CITY,BRISBANE CITY,PARKLAND BOULEVARD,-27.464507066974303,153.0196943184992,1,two_minute_passenger_loading_zones,1057,121,9,3,255.5,1.007,Very High,1-1.5km
GREGORY TERRACE | SPRING HILL,SPRING HILL,GREGORY TERRACE,-27.46052120341393,153.01869402245708,1,two_minute_passenger_loading_zones,618,150,19,9,332.5,1.03,Very High,1-1.5km
GREGORY TERRACE | SPRING HILL,SPRING HILL,GREGORY TERRACE,-27.46032256050209,153.01878643186183,1,two_minute_passenger_loading_zones,623,146,19,9,324.5,1.048,Very High,1-1.5km
MAY STREET | BRISBANE CITY,BRISBANE CITY,MAY STREET,-27.466800355926992,153.01659343088588,1,two_minute_passenger_loading_zones,940,242,23,20,537.0,0.731,Very High,500m-1km
GLENELG STREET | SOUTH BRISBANE,SOUTH BRISBANE,GLENELG STREET,-27.47877953783224,153.0181957883483,1,two_minute_passenger_loading_zones,0,0,0,0,0.0,1.766,Low,1.5-2km
THOMAS STREET | WEST END,WEST END,THOMAS STREET,-27.48066295051573,153.01138125238356,1,two_minute_passenger_loading_zones,1,1,0,0,2.0,1.763,Low,1.5-2km
WICKHAM TERRACE | SPRING HILL,SPRING HILL,WICKHAM TERRACE,-27.46140280063052,153.0197261218269,1,two_minute_passenger_loading_zones,816,152,17,7,331.5,1.081,Very High,1-1.5km
ERNEST STREET | SOUTH BRISBANE,SOUTH BRISBANE,ERNEST STREET,-27.480512019646564,153.01929206139224,1,two_minute_passenger_loading_zones,0,0,0,0,0.0,1.987,Low,1.5-2km
RAILWAY TERRACE | MILTON,MILTON,RAILWAY TERRACE,-27.46951445407381,153.00507937942567,1,two_minute_passenger_loading_zones,437,57,12,6,135.0,0.673,Very High,500m-1km
EDMONDSTONE STREET | SOUTH BRISBANE,SOUTH BRISBANE,EDMONDSTONE STREET,-27.48100960559653,153.0167079823701,1,two_minute_passenger_loading_zones,7,0,0,0,0.0,1.927,Low,1.5-2km
NORTH QUAY | BRISBANE CITY,BRISBANE CITY,NORTH QUAY,-27.46728551621423,153.01699392133662,1,two_minute_passenger_loading_zones,846,215,29,22,492.0,0.786,Very High,500m-1km
ROMA STREET | BRISBANE CITY,BRISBANE CITY,ROMA STREET,-27.46617203196728,153.01675905882485,1,two_minute_passenger_loading_zones,866,224,22,17,495.5,0.73,Very High,500m-1km
BOUNDARY STREET | WEST END,WEST END,BOUNDARY STREET,-27.48221554136645,153.01189448795054,1,two_minute_passenger_loading_zones,0,0,0,0,0.0,1.94,Low,1.5-2km
CORDELIA STREET | SOUTH BRISBANE,SOUTH BRISBANE,CORDELIA STREET,-27.47716198853283,153.01653852049336,1,two_minute_passenger_loading_zones,188,16,0,0,32.0,1.53,High,1.5-2km
MOLLISON STREET | SOUTH BRISBANE,SOUTH BRISBANE,MOLLISON STREET,-27.47711628427054,153.01223180113917,1,two_minute_passenger_loading_zones,722,183,0,0,366.0,1.385,Very High,1-1.5km
HARDGRAVE ROAD | WEST END,WEST END,HARDGRAVE ROAD,-27.47939779926584,153.0076001331421,1,two_minute_passenger_loading_zones,60,6,0,0,12.0,1.623,Moderate,1.5-2km
LATROBE TERRACE | PADDINGTON,PADDINGTON,LATROBE TERRACE,-27.458934229870746,152.99720192820573,1,two_minute_passenger_loading_zones,591,88,3,0,179.0,1.383,Very High,1-1.5km
PARKLAND BOULEVARD | BRISBANE CITY,BRISBANE CITY,PARKLAND BOULEVARD,-27.46436916242946,153.0193861326256,1,two_minute_passenger_loading_zones,1099,120,9,3,253.5,0.977,Very High,500m-1km
CRIBB STREET | MILTON,MILTON,CRIBB STREET,-27.469268009433268,153.00778476297776,1,two_minute_passenger_loading_zones,540,77,18,7,182.5,0.514,Very High,500m-1km
MANNING STREET | SOUTH BRISBANE,SOUTH BRISBANE,MANNING STREET,-27.47706092224549,153.01530572984106,1,two_minute_passenger_loading_zones,225,30,0,0,60.0,1.469,Very High,1-1.5km
GONA PARADE | KELVIN GROVE,KELVIN GROVE,GONA PARADE,-27.45506910856701,153.01319236235304,1,two_minute_passenger_loading_zones,680,109,21,4,245.0,1.152,Very High,1-1.5km
WILSON STREET | WEST END,WEST END,WILSON STREET,-27.478398662849,153.01125578065827,1,two_minute_passenger_loading_zones,317,37,0,0,74.0,1.511,Very High,1.5-2km
CORDELIA STREET | SOUTH BRISBANE,SOUTH BRISBANE,CORDELIA STREET,-27.47873641146177,153.01776723061565,1,two_minute_passenger_loading_zones,1,1,0,0,2.0,1.741,Low,1.5-2km
RAILWAY TERRACE | MILTON,MILTON,RAILWAY TERRACE,-27.469092464371258,153.00631005812642,1,two_minute_passenger_loading_zones,386,38,13,3,93.5,0.562,Very High,500m-1km
NORTH QUAY | BRISBANE CITY,BRISBANE CITY,NORTH QUAY,-27.46729706428585,153.0171382747398,1,two_minute_passenger_loading_zones,801,211,30,20,482.0,0.799,Very High,500m-1km
HERSCHEL STREET | BRISBANE CITY,BRISBANE CITY,HERSCHEL STREET,-27.467704968387487,153.0193081262848,1,two_minute_passenger_loading_zones,764,175,34,23,418.5,1.017,Very High,1-1.5km
CROMBIE STREET | MILTON,MILTON,CROMBIE STREET,-27.469212906232773,153.00710867565945,1,two_minute_passenger_loading_zones,489,50,18,6,127.0,0.534,Very High,500m-1km
PARK ROAD | MILTON,MILTON,PARK ROAD,-27.47036473553811,153.00446971925518,1,two_minute_passenger_loading_zones,530,63,17,8,155.0,0.785,Very High,500m-1km
MAKERSTON STREET | BRISBANE CITY,BRISBANE CITY,MAKERSTON STREET,-27.467278499721388,153.0181870492216,1,two_minute_passenger_loading_zones,682,126,22,16,298.0,0.897,Very High,500m-1km
RUSSELL STREET | SOUTH BRISBANE,SOUTH BRISBANE,RUSSELL STREET,-27.47793128621237,153.01570353493025,1,two_minute_passenger_loading_zones,69,4,0,0,8.0,1.573,Moderate,1.5-2km
MAKERSTON STREET | BRISBANE CITY,BRISBANE CITY,MAKERSTON STREET,-27.46720489008799,153.0182827741888,1,two_minute_passenger_loading_zones,718,133,25,17,316.5,0.904,Very High,500m-1km
BESANT STREET | SOUTH BRISBANE,SOUTH BRISBANE,BESANT STREET,-27.48037246088735,153.0152681948511,1,two_minute_passenger_loading_zones,7,0,0,0,0.0,1.812,Low,1.5-2km
DONKIN STREET | WEST END,WEST END,DONKIN STREET,-27.47634699137878,153.00789307805152,1,two_minute_passenger_loading_zones,407,20,2,2,45.0,1.283,Very High,1-1.5km
LANG PARADE | MILTON,MILTON,LANG PARADE,-27.47465469418831,153.00229419922348,1,two_minute_passenger_loading_zones,381,34,2,0,70.0,1.297,Very High,1-1.5km
MUSGRAVE STREET | WEST END,WEST END,MUSGRAVE STREET,-27.476622818518067,153.00578437844874,1,two_minute_passenger_loading_zones,294,7,0,0,14.0,1.354,Moderate,1-1.5km
MCDOUGALL STREET | MILTON,MILTON,MCDOUGALL STREET,-27.47136839812572,153.00560728701174,1,two_minute_passenger_loading_zones,412,67,12,7,156.5,0.815,Very High,500m-1km
HARDGRAVE ROAD | WEST END,WEST END,HARDGRAVE ROAD,-27.478927252774707,153.0076856447179,1,two_minute_passenger_loading_zones,96,9,0,0,18.0,1.57,High,1.5-2km
PARKLAND BOULEVARD | BRISBANE CITY,BRISBANE CITY,PARKLAND BOULEVARD,-27.46429341874684,153.0194680863132,1,two_minute_passenger_loading_zones,1109,120,9,3,253.5,0.986,Very High,500m-1km
NORTH QUAY | BRISBANE CITY,BRISBANE CITY,NORTH QUAY,-27.46720155246974,153.0161189483655,1,two_minute_passenger_loading_zones,1032,254,29,18,564.0,0.701,Very High,500m-1km
VULTURE STREET | WEST END,WEST END,VULTURE STREET,-27.480873369653462,153.01085490932513,1,two_minute_passenger_loading_zones,0,0,0,0,0.0,1.781,Low,1.5-2km
MERIVALE STREET | SOUTH BRISBANE,SOUTH BRISBANE,MERIVALE STREET,-27.479615986758937,153.0196850815597,1,two_minute_passenger_loading_zones,0,0,0,0,0.0,1.92,Low,1.5-2km
HOPE STREET | SOUTH BRISBANE,SOUTH BRISBANE,HOPE STREET,-27.47230397293967,153.01599879475222,1,two_minute_passenger_loading_zones,839,282,28,10,607.0,1.043,Very High,1-1.5km
RAILWAY TERRACE | MILTON,MILTON,RAILWAY TERRACE,-27.469358651300823,153.0058923544601,1,two_minute_passenger_loading_zones,419,37,12,2,89.0,0.61,Very High,500m-1km
MOLLISON STREET | SOUTH BRISBANE,SOUTH BRISBANE,MOLLISON STREET,-27.476963073864425,153.0111927599692,1,two_minute_passenger_loading_zones,513,101,0,0,202.0,1.352,Very High,1-1.5km
HERSCHEL STREET | BRISBANE CITY,BRISBANE CITY,HERSCHEL STREET,-27.46735736545915,153.01954075493498,1,two_minute_passenger_loading_zones,832,186,34,23,440.5,1.028,Very High,1-1.5km
VULTURE STREET | WEST END,WEST END,VULTURE STREET,-27.481108343756,153.01247821564266,1,two_minute_passenger_loading_zones,0,0,0,0,0.0,1.826,Low,1.5-2km
TARABAY LANE | WEST END,WEST END,TARABAY LANE,-27.482952922932306,153.00290727256643,1,two_minute_passenger_loading_zones,0,0,0,0,0.0,2.11,Low,2km+
HOPE STREET | SOUTH BRISBANE,SOUTH BRISBANE,HOPE STREET,-27.47163046615727,153.0155365420429,1,two_minute_passenger_loading_zones,922,346,29,17,746.5,0.956,Very High,500m-1km
MONTAGUE ROAD | SOUTH BRISBANE,SOUTH BRISBANE,MONTAGUE ROAD,-27.47428282082432,153.011108357818,1,two_minute_passenger_loading_zones,144,7,1,0,15.0,1.055,Moderate,1-1.5km
PARK ROAD | MILTON,MILTON,PARK ROAD,-27.47007965892543,153.00434939112256,1,two_minute_passenger_loading_zones,508,67,16,8,162.0,0.768,Very High,500m-1km
PARK ROAD | MILTON,MILTON,PARK ROAD,-27.47242233194073,153.00520414682595,1,two_minute_passenger_loading_zones,490,77,16,10,185.0,0.938,Very High,500m-1km
EAGLE TERRACE | AUCHENFLOWER,AUCHENFLOWER,EAGLE TERRACE,-27.47524358916621,152.9971493445042,1,two_minute_passenger_loading_zones,23,0,0,0,0.0,1.676,Low,1.5-2km
CORDELIA STREET | SOUTH BRISBANE,SOUTH BRISBANE,CORDELIA STREET,-27.479835518727054,153.01857118374556,1,two_minute_passenger_loading_zones,0,0,0,0,0.0,1.887,Low,1.5-2km
BOUNDARY STREET | WEST END,WEST END,BOUNDARY STREET,-27.48117919990123,153.01194198598662,1,two_minute_passenger_loading_zones,0,0,0,0,0.0,1.826,Low,1.5-2km
RUSSELL STREET | SOUTH BRISBANE,SOUTH BRISBANE,RUSSELL STREET,-27.47713712039785,153.01681457677822,1,two_minute_passenger_loading_zones,168,14,0,0,28.0,1.54,High,1.5-2km
STANLEY PLACE | SOUTH BRISBANE,SOUTH BRISBANE,STANLEY PLACE,-27.47169744367252,153.01760207778332,1,two_minute_passenger_loading_zones,998,274,18,6,575.0,1.1,Very High,1-1.5km
CORDELIA STREET | SOUTH BRISBANE,SOUTH BRISBANE,CORDELIA STREET,-27.480035552139075,153.0187087336448,1,two_minute_passenger_loading_zones,0,0,0,0,0.0,1.913,Low,1.5-2km
PETRIE TERRACE | PETRIE TERRACE,PETRIE TERRACE,PETRIE TERRACE,-27.464574097381178,153.01367013025342,1,two_minute_passenger_loading_zones,607,112,20,7,254.5,0.413,Very High,0-500m
GIVEN TERRACE | PADDINGTON,PADDINGTON,GIVEN TERRACE,-27.46239831901646,153.00844106230534,1,two_minute_passenger_loading_zones,438,91,21,4,209.0,0.297,Very High,0-500m
BAYSWATER STREET | MILTON,MILTON,BAYSWATER STREET,-27.46674234621896,152.99838676742544,1,two_minute_passenger_loading_zones,374,57,8,0,122.0,1.115,Very High,1-1.5km
UPPER ROMA STREET | BRISBANE CITY,BRISBANE CITY,UPPER ROMA STREET,-27.46662182541948,153.01272676403468,1,two_minute_passenger_loading_zones,856,163,27,12,371.0,0.371,Very High,0-500m
LANG PARADE | MILTON,MILTON,LANG PARADE,-27.474709856999773,153.0023467059644,1,two_minute_passenger_loading_zones,371,34,2,0,70.0,1.299,Very High,1-1.5km
RAILWAY TERRACE | MILTON,MILTON,RAILWAY TERRACE,-27.46932893636688,153.00598190957948,1,two_minute_passenger_loading_zones,416,36,12,3,88.5,0.603,Very High,500m-1km
ERNEST STREET | SOUTH BRISBANE,SOUTH BRISBANE,ERNEST STREET,-27.48030957216867,153.01963175925752,1,two_minute_passenger_loading_zones,0,0,0,0,0.0,1.984,Low,1.5-2km
GLENELG STREET | SOUTH BRISBANE,SOUTH BRISBANE,GLENELG STREET,-27.478753681970225,153.0182420461422,1,two_minute_passenger_loading_zones,0,0,0,0,0.0,1.765,Low,1.5-2km
HORAN STREET | WEST END,WEST END,HORAN STREET,-27.47885216328257,153.00880187032405,1,two_minute_passenger_loading_zones,64,0,0,0,0.0,1.553,Low,1.5-2km
MCDOUGALL STREET | MILTON,MILTON,MCDOUGALL STREET,-27.47121602515692,153.00602741407775,1,two_minute_passenger_loading_zones,374,64,11,5,146.5,0.781,Very High,500m-1km
PEEL STREET | SOUTH BRISBANE,SOUTH BRISBANE,PEEL STREET,-27.472939984328697,153.01582744576257,1,two_minute_passenger_loading_zones,633,182,23,12,405.0,1.09,Very High,1-1.5km
CRIBB STREET | MILTON,MILTON,CRIBB STREET,-27.46964814102703,153.00794554119776,1,two_minute_passenger_loading_zones,498,65,17,7,157.5,0.55,Very High,500m-1km
WICKHAM TERRACE | SPRING HILL,SPRING HILL,WICKHAM TERRACE,-27.46143535977838,153.0198048244597,1,two_minute_passenger_loading_zones,813,148,15,6,320.0,1.087,Very High,1-1.5km
HAIG ROAD | MILTON,MILTON,HAIG ROAD,-27.467467494804115,152.99997124375656,1,two_minute_passenger_loading_zones,553,104,13,5,228.5,0.983,Very High,500m-1km
HARDGRAVE ROAD | WEST END,WEST END,HARDGRAVE ROAD,-27.48219300426491,153.0070810752977,1,two_minute_passenger_loading_zones,0,0,0,0,0.0,1.938,Low,1.5-2km
HAIG ROAD | MILTON,MILTON,HAIG ROAD,-27.467952569907265,152.99932454504355,1,two_minute_passenger_loading_zones,446,37,8,0,82.0,1.06,Very High,1-1.5km
MONTAGUE ROAD | WEST END,WEST END,MONTAGUE ROAD,-27.47776363451828,153.00720151688486,1,two_minute_passenger_loading_zones,256,11,0,0,22.0,1.448,High,1-1.5km
RAILWAY TERRACE | MILTON,MILTON,RAILWAY TERRACE,-27.469073753366622,153.00636061059907,1,two_minute_passenger_loading_zones,380,38,13,3,93.5,0.558,Very High,500m-1km
MONTAGUE ROAD | WEST END,WEST END,MONTAGUE ROAD,-27.477878526593983,153.00707421895615,1,two_minute_passenger_loading_zones,239,11,0,0,22.0,1.463,High,1-1.5km
RUSSELL STREET | WEST END,WEST END,RUSSELL STREET,-27.47924893312868,153.0129391871987,1,two_minute_passenger_loading_zones,145,8,0,0,16.0,1.631,High,1.5-2km
BANK STREET | WEST END,WEST END,BANK STREET,-27.47678294884249,153.0099896018513,1,two_minute_passenger_loading_zones,350,25,2,2,55.0,1.322,Very High,1-1.5km
GARRICK STREET | BRISBANE CITY,BRISBANE CITY,GARRICK STREET,-27.466713312636912,153.0174781815504,1,two_minute_passenger_loading_zones,782,165,26,21,387.5,0.813,Very High,500m-1km
JANE STREET | WEST END,WEST END,JANE STREET,-27.477362338963506,153.00536188532564,1,two_minute_passenger_loading_zones,269,6,0,0,12.0,1.445,Moderate,1-1.5km
HARDGRAVE ROAD | WEST END,WEST END,HARDGRAVE ROAD,-27.48223792521596,153.0070719617213,1,two_minute_passenger_loading_zones,0,0,0,0,0.0,1.943,Low,1.5-2km
MAY STREET | BRISBANE CITY,BRISBANE CITY,MAY STREET,-27.466835134267416,153.01672339473308,1,two_minute_passenger_loading_zones,881,217,22,19,484.5,0.744,Very High,500m-1km
GREY STREET | SOUTH BRISBANE,SOUTH BRISBANE,GREY STREET,-27.4727104797714,153.01758509753432,1,two_minute_passenger_loading_zones,1192,194,14,6,411.0,1.179,Very High,1-1.5km
PETRIE TERRACE | PETRIE TERRACE,PETRIE TERRACE,PETRIE TERRACE,-27.46464319829084,153.0135806749314,1,two_minute_passenger_loading_zones,652,133,23,9,302.5,0.404,Very High,0-500m
AMBLESIDE STREET | WEST END,WEST END,AMBLESIDE STREET,-27.47956048076994,153.00978274211863,1,two_minute_passenger_loading_zones,53,0,0,0,0.0,1.63,Low,1.5-2km
HOPE STREET | SOUTH BRISBANE,SOUTH BRISBANE,HOPE STREET,-27.47398421849776,153.0171417840521,1,two_minute_passenger_loading_zones,910,122,14,5,265.5,1.26,Very High,1-1.5km
CORDELIA STREET | SOUTH BRISBANE,SOUTH BRISBANE,CORDELIA STREET,-27.4796359911868,153.01843707705632,1,two_minute_passenger_loading_zones,0,0,0,0,0.0,1.861,Low,1.5-2km
DUNCAN STREET | WEST END,WEST END,DUNCAN STREET,-27.484211735114453,153.0000677918847,1,two_minute_passenger_loading_zones,0,0,0,0,0.0,2.34,Low,2km+
PARK ROAD | MILTON,MILTON,PARK ROAD,-27.47249129654606,153.0052330709382,1,two_minute_passenger_loading_zones,486,77,16,10,185.0,0.943,Very High,500m-1km
CORDELIA STREET | SOUTH BRISBANE,SOUTH BRISBANE,CORDELIA STREET,-27.477023869235428,153.01644138176755,1,two_minute_passenger_loading_zones,228,27,0,0,54.0,1.512,Very High,1.5-2km
CORDELIA STREET | SOUTH BRISBANE,SOUTH BRISBANE,CORDELIA STREET,-27.478658643916287,153.01771482201605,1,two_minute_passenger_loading_zones,7,2,0,0,4.0,1.731,Low,1.5-2km
GREY STREET | SOUTH BRISBANE,SOUTH BRISBANE,GREY STREET,-27.47473775549313,153.01897190230798,1,two_minute_passenger_loading_zones,1221,33,0,0,66.0,1.439,Very High,1-1.5km
RUSSELL STREET | WEST END,WEST END,RUSSELL STREET,-27.47930471821427,153.01283830303092,1,two_minute_passenger_loading_zones,139,8,0,0,16.0,1.635,High,1.5-2km
DUNCAN STREET | WEST END,WEST END,DUNCAN STREET,-27.4842862204024,153.0000268521824,1,two_minute_passenger_loading_zones,0,0,0,0,0.0,2.35,Low,2km+
BANK STREET | WEST END,WEST END,BANK STREET,-27.47684503673704,153.0099171257974,1,two_minute_passenger_loading_zones,346,25,2,2,55.0,1.329,Very High,1-1.5km
NORTH QUAY | BRISBANE CITY,BRISBANE CITY,NORTH QUAY,-27.467180407745754,153.01587760477975,1,two_minute_passenger_loading_zones,1045,261,31,20,583.0,0.678,Very High,500m-1km
EDMONDSTONE STREET | SOUTH BRISBANE,SOUTH BRISBANE,EDMONDSTONE STREET,-27.47746970899889,153.0141198305192,1,two_minute_passenger_loading_zones,490,123,0,0,246.0,1.47,Very High,1-1.5km
MAKERSTON STREET | BRISBANE CITY,BRISBANE CITY,MAKERSTON STREET,-27.467368550623743,153.01808779650906,1,two_minute_passenger_loading_zones,625,124,21,15,291.5,0.891,Very High,500m-1km
HAIG ROAD | MILTON,MILTON,HAIG ROAD,-27.46780262930283,152.99951778119262,1,two_minute_passenger_loading_zones,504,54,10,2,121.0,1.036,Very High,1-1.5km
HERSCHEL STREET | BRISBANE CITY,BRISBANE CITY,HERSCHEL STREET,-27.46798417511189,153.01874107442802,1,two_minute_passenger_loading_zones,656,148,30,20,356.0,0.974,Very High,500m-1km
HARDGRAVE ROAD | WEST END,WEST END,HARDGRAVE ROAD,-27.48221052296565,153.00693927345932,1,two_minute_passenger_loading_zones,0,0,0,0,0.0,1.941,Low,1.5-2km
HERSCHEL STREET | BRISBANE CITY,BRISBANE CITY,HERSCHEL STREET,-27.467414220471085,153.01946751621384,1,two_minute_passenger_loading_zones,842,194,34,23,456.5,1.022,Very High,1-1.5km
HAIG ROAD | MILTON,MILTON,HAIG ROAD,-27.46786126942929,152.99943923135328,1,two_minute_passenger_loading_zones,487,43,9,1,96.5,1.046,Very High,1-1.5km
BLAKENEY STREET | HIGHGATE HILL,HIGHGATE HILL,BLAKENEY STREET,-27.484583758299944,153.01947914772657,1,two_minute_passenger_loading_zones,0,0,0,0,0.0,2.4,Low,2km+
LATROBE TERRACE | PADDINGTON,PADDINGTON,LATROBE TERRACE,-27.458741274610063,152.9991555535291,1,two_minute_passenger_loading_zones,746,185,8,0,378.0,1.229,Very High,1-1.5km
VULTURE STREET | WEST END,WEST END,VULTURE STREET,-27.48085215314374,153.0107250374327,1,two_minute_passenger_loading_zones,0,0,0,0,0.0,1.778,Low,1.5-2km
SURREY STREET | RED HILL,RED HILL,SURREY STREET,-27.455547501262657,153.00272613663634,1,two_minute_passenger_loading_zones,262,42,6,0,90.0,1.236,Very High,1-1.5km
GREY STREET | SOUTH BRISBANE,SOUTH BRISBANE,GREY STREET,-27.476078258866902,153.01968295470758,1,two_minute_passenger_loading_zones,283,29,0,0,58.0,1.598,Very High,1.5-2km
HOPE STREET | SOUTH BRISBANE,SOUTH BRISBANE,HOPE STREET,-27.47399829108967,153.0169889670058,1,two_minute_passenger_loading_zones,880,119,16,6,263.0,1.253,Very High,1-1.5km
PETRIE TERRACE | PETRIE TERRACE,PETRIE TERRACE,PETRIE TERRACE,-27.46194872520653,153.01441014490288,1,two_minute_passenger_loading_zones,450,57,11,1,126.5,0.585,Very High,500m-1km
MOLLISON STREET | WEST END,WEST END,MOLLISON STREET,-27.47724989774274,153.01216688107695,1,two_minute_passenger_loading_zones,685,175,0,0,350.0,1.398,Very High,1-1.5km
PARK ROAD | MILTON,MILTON,PARK ROAD,-27.47158210388208,153.00484409084405,1,two_minute_passenger_loading_zones,499,73,16,10,177.0,0.874,Very High,500m-1km
PETRIE TERRACE | PETRIE TERRACE,PETRIE TERRACE,PETRIE TERRACE,-27.46347830460154,153.0143938031637,1,two_minute_passenger_loading_zones,424,77,10,3,168.5,0.508,Very High,500m-1km
GREY STREET | SOUTH BRISBANE,SOUTH BRISBANE,GREY STREET,-27.47499322631717,153.0191457606528,1,two_minute_passenger_loading_zones,1127,35,0,0,70.0,1.471,Very High,1-1.5km
PEEL STREET | SOUTH BRISBANE,SOUTH BRISBANE,PEEL STREET,-27.47288107547756,153.0159333658645,1,two_minute_passenger_loading_zones,654,202,21,11,441.5,1.091,Very High,1-1.5km
HARDGRAVE ROAD | WEST END,WEST END,HARDGRAVE ROAD,-27.48235476957902,153.00691384731618,1,two_minute_passenger_loading_zones,0,0,0,0,0.0,1.958,Low,1.5-2km
EDMONDSTONE STREET | SOUTH BRISBANE,SOUTH BRISBANE,EDMONDSTONE STREET,-27.480816688942447,153.0165691797346,1,two_minute_passenger_loading_zones,7,0,0,0,0.0,1.902,Low,1.5-2km
RIVERSIDE DRIVE | WEST END,WEST END,RIVERSIDE DRIVE,-27.47634360172672,153.00517246972382,1,two_minute_passenger_loading_zones,216,0,0,0,0.0,1.342,Low,1-1.5km
BLAKENEY STREET | HIGHGATE HILL,HIGHGATE HILL,BLAKENEY STREET,-27.484596713507013,153.01955591768686,1,two_minute_passenger_loading_zones,0,0,0,0,0.0,2.404,Low,2km+
ROAD | BRISBANE CITY,BRISBANE CITY,ROAD,-27.46754757858905,153.0195110591959,1,two_minute_passenger_loading_zones,820,192,34,23,452.5,1.031,Very High,1-1.5km
HAMPSTEAD ROAD | HIGHGATE HILL,HIGHGATE HILL,HAMPSTEAD ROAD,-27.482567453349137,153.01626207798571,1,two_minute_passenger_loading_zones,5,0,0,0,0.0,2.075,Low,2km+
CRIBB STREET | MILTON,MILTON,CRIBB STREET,-27.469031210824024,153.0076842890977,1,two_minute_passenger_loading_zones,517,75,18,7,178.5,0.493,Very High,0-500m
MORETON STREET | PADDINGTON,PADDINGTON,MORETON STREET,-27.46040866843969,153.01014929081592,1,two_minute_passenger_loading_zones,488,32,20,0,84.0,0.504,Very High,500m-1km
RAMSGATE STREET | KELVIN GROVE,KELVIN GROVE,RAMSGATE STREET,-27.455014841202672,153.01483474834097,1,two_minute_passenger_loading_zones,511,45,8,0,98.0,1.219,Very High,1-1.5km
LATROBE TERRACE | PADDINGTON,PADDINGTON,LATROBE TERRACE,-27.45923013308804,152.99795616086982,1,two_minute_passenger_loading_zones,819,165,9,0,339.0,1.302,Very High,1-1.5km
ERNEST STREET | SOUTH BRISBANE,SOUTH BRISBANE,ERNEST STREET,-27.480307841685057,153.01963048756943,1,two_minute_passenger_loading_zones,0,0,0,0,0.0,1.983,Low,1.5-2km
HAYWARD STREET | PADDINGTON,PADDINGTON,HAYWARD STREET,-27.460403337359946,153.00338749343413,1,two_minute_passenger_loading_zones,355,76,20,3,176.5,0.783,Very High,500m-1km
RUSSELL STREET | SOUTH BRISBANE,SOUTH BRISBANE,RUSSELL STREET,-27.477954204908503,153.0156530443597,1,two_minute_passenger_loading_zones,70,4,0,0,8.0,1.573,Moderate,1.5-2km
LUCY STREET | MILTON,MILTON,LUCY STREET,-27.46899352163226,153.00046980673963,1,two_minute_passenger_loading_zones,624,52,6,2,113.0,1.0,Very High,500m-1km
MONTAGUE ROAD | WEST END,WEST END,MONTAGUE ROAD,-27.47698481657015,153.0078902518494,1,two_minute_passenger_loading_zones,343,15,0,0,30.0,1.353,High,1-1.5km
DONKIN STREET | WEST END,WEST END,DONKIN STREET,-27.47630058971136,153.00783894075948,1,two_minute_passenger_loading_zones,419,20,2,2,45.0,1.278,Very High,1-1.5km
HOPE STREET | SOUTH BRISBANE,SOUTH BRISBANE,HOPE STREET,-27.47410625245956,153.01706096947584,1,two_minute_passenger_loading_zones,866,101,12,3,218.5,1.267,Very High,1-1.5km
GREY STREET | SOUTH BRISBANE,SOUTH BRISBANE,GREY STREET,-27.474400795636363,153.01874090280393,1,two_minute_passenger_loading_zones,1225,35,0,0,70.0,1.395,Very High,1-1.5km
VULTURE STREET | WEST END,WEST END,VULTURE STREET,-27.481115209655066,153.0125270961214,1,two_minute_passenger_loading_zones,0,0,0,0,0.0,1.828,Low,1.5-2km
BESANT STREET | SOUTH BRISBANE,SOUTH BRISBANE,BESANT STREET,-27.480262307368875,153.01546879363448,1,two_minute_passenger_loading_zones,7,0,0,0,0.0,1.807,Low,1.5-2km
GREY STREET | SOUTH BRISBANE,SOUTH BRISBANE,GREY STREET,-27.47285611867122,153.0176822199178,1,two_minute_passenger_loading_zones,1273,191,14,6,405.0,1.198,Very High,1-1.5km
PARKLAND CRESCENT | BRISBANE CITY,BRISBANE CITY,PARKLAND CRESCENT,-27.46457153048901,153.01961106934505,1,two_minute_passenger_loading_zones,1040,121,9,3,255.5,0.998,Very High,500m-1km
LATROBE TERRACE | PADDINGTON,PADDINGTON,LATROBE TERRACE,-27.45870571046764,152.99929519327824,1,two_minute_passenger_loading_zones,734,182,8,0,372.0,1.22,Very High,1-1.5km
BUCHANAN STREET | WEST END,WEST END,BUCHANAN STREET,-27.47649802608035,153.00592423728864,1,two_minute_passenger_loading_zones,317,8,0,0,16.0,1.337,High,1-1.5km
BOUNDARY STREET | WEST END,WEST END,BOUNDARY STREET,-27.4812336665282,153.01193201102856,1,two_minute_passenger_loading_zones,0,0,0,0,0.0,1.832,Low,1.5-2km
QPAC CARPARK ACCESS | SOUTH BRISBANE,SOUTH BRISBANE,QPAC CARPARK ACCESS,-27.47451185542695,153.01881938681848,1,two_minute_passenger_loading_zones,1207,31,0,0,62.0,1.41,Very High,1-1.5km
BESANT STREET | SOUTH BRISBANE,SOUTH BRISBANE,BESANT STREET,-27.480088130289545,153.01579344058064,1,two_minute_passenger_loading_zones,7,0,0,0,0.0,1.799,Low,1.5-2km
MAKERSTON STREET | BRISBANE CITY,BRISBANE CITY,MAKERSTON STREET,-27.466859165083694,153.01870965305272,1,two_minute_passenger_loading_zones,789,125,25,18,302.0,0.934,Very High,500m-1km
PARK ROAD | MILTON,MILTON,PARK ROAD,-27.47027277671811,153.00443285186262,1,two_minute_passenger_loading_zones,520,66,17,8,161.0,0.779,Very High,500m-1km
HAMPSTEAD ROAD | HIGHGATE HILL,HIGHGATE HILL,HAMPSTEAD ROAD,-27.48234787647409,153.01634191141625,1,two_minute_passenger_loading_zones,5,0,0,0,0.0,2.054,Low,2km+
HAYWARD STREET | PADDINGTON,PADDINGTON,HAYWARD STREET,-27.460309979405064,153.00343619209323,1,two_minute_passenger_loading_zones,351,75,19,3,173.5,0.786,Very High,500m-1km
MONTAGUE ROAD | SOUTH BRISBANE,SOUTH BRISBANE,MONTAGUE ROAD,-27.474353973829665,153.01103069440998,1,two_minute_passenger_loading_zones,142,7,1,0,15.0,1.062,Moderate,1-1.5km
STANLEY PLACE | SOUTH BRISBANE,SOUTH BRISBANE,STANLEY PLACE,-27.471607872523585,153.0175303201588,1,two_minute_passenger_loading_zones,980,278,17,6,582.0,1.088,Very High,1-1.5km
FINCHLEY STREET | MILTON,MILTON,FINCHLEY STREET,-27.46548942091112,153.0055563242308,1,two_minute_passenger_loading_zones,270,25,9,0,59.0,0.395,Very High,0-500m
RAILWAY TERRACE | MILTON,MILTON,RAILWAY TERRACE,-27.469442055628413,153.00528118809763,1,two_minute_passenger_loading_zones,423,50,13,5,120.5,0.654,Very High,500m-1km
BAYSWATER STREET | MILTON,MILTON,BAYSWATER STREET,-27.467134006935584,152.99865940516796,1,two_minute_passenger_loading_zones,357,60,9,0,129.0,1.098,Very High,1-1.5km
PARK ROAD | MILTON,MILTON,PARK ROAD,-27.47173847611301,153.00491369232802,1,two_minute_passenger_loading_zones,535,75,18,10,183.0,0.885,Very High,500m-1km
MOLLISON STREET | SOUTH BRISBANE,SOUTH BRISBANE,MOLLISON STREET,-27.47709105403777,153.01205279994323,1,two_minute_passenger_loading_zones,712,179,0,0,358.0,1.379,Very High,1-1.5km
RAMSGATE STREET | KELVIN GROVE,KELVIN GROVE,RAMSGATE STREET,-27.455126903217387,153.01480879904736,1,two_minute_passenger_loading_zones,510,47,11,1,106.5,1.206,Very High,1-1.5km
LATROBE TERRACE | PADDINGTON,PADDINGTON,LATROBE TERRACE,-27.459179905003968,152.99784406171423,1,two_minute_passenger_loading_zones,774,154,6,0,314.0,1.314,Very High,1-1.5km
LUCY STREET | MILTON,MILTON,LUCY STREET,-27.468949961528374,153.00069693335865,1,two_minute_passenger_loading_zones,583,36,6,1,79.5,0.978,Very High,500m-1km
ARMY STREET | WEST END,WEST END,ARMY STREET,-27.48060195241559,153.0109150234685,1,two_minute_passenger_loading_zones,3,0,0,0,0.0,1.752,Low,1.5-2km
HARDGRAVE ROAD | WEST END,WEST END,HARDGRAVE ROAD,-27.47911564330864,153.00765080855166,1,two_minute_passenger_loading_zones,78,7,0,0,14.0,1.591,Moderate,1.5-2km
HORAN STREET | WEST END,WEST END,HORAN STREET,-27.479364780958843,153.00869998480576,1,two_minute_passenger_loading_zones,51,0,0,0,0.0,1.61,Low,1.5-2km
HOPE STREET | SOUTH BRISBANE,SOUTH BRISBANE,HOPE STREET,-27.47238694979941,153.0160559915241,1,two_minute_passenger_loading_zones,793,246,26,10,533.0,1.054,Very High,1-1.5km
THOMAS STREET | WEST END,WEST END,THOMAS STREET,-27.48073010610847,153.01136904345069,1,two_minute_passenger_loading_zones,1,1,0,0,2.0,1.77,Low,1.5-2km
ERNEST STREET | SOUTH BRISBANE,SOUTH BRISBANE,ERNEST STREET,-27.480510805526546,153.01929103172435,1,two_minute_passenger_loading_zones,0,0,0,0,0.0,1.987,Low,1.5-2km
HERSCHEL STREET | BRISBANE CITY,BRISBANE CITY,HERSCHEL STREET,-27.467614309167164,153.01942586475928,1,two_minute_passenger_loading_zones,804,190,34,23,448.5,1.025,Very High,1-1.5km
FINCHLEY STREET | MILTON,MILTON,FINCHLEY STREET,-27.465605973863173,153.00560813198965,1,two_minute_passenger_loading_zones,282,25,10,0,60.0,0.392,Very High,0-500m
GREGORY TERRACE | SPRING HILL,SPRING HILL,GREGORY TERRACE,-27.45925617129229,153.0199281060381,1,two_minute_passenger_loading_zones,362,63,8,6,143.0,1.205,Very High,1-1.5km
TARABAY LANE | WEST END,WEST END,TARABAY LANE,-27.48305795471533,153.00284661799506,1,two_minute_passenger_loading_zones,0,0,0,0,0.0,2.123,Low,2km+
GREY STREET | SOUTH BRISBANE,SOUTH BRISBANE,GREY STREET,-27.4762777390387,153.0198186667089,1,two_minute_passenger_loading_zones,253,28,0,0,56.0,1.624,Very High,1.5-2km
PARK ROAD | MILTON,MILTON,PARK ROAD,-27.470535319662865,153.00454485753883,1,two_minute_passenger_loading_zones,518,57,17,8,143.0,0.795,Very High,500m-1km
WILSON STREET | WEST END,WEST END,WILSON STREET,-27.478342126578784,153.01133811158837,1,two_minute_passenger_loading_zones,350,45,0,0,90.0,1.506,Very High,1.5-2km
GARRICK STREET | BRISBANE CITY,BRISBANE CITY,GARRICK STREET,-27.466600310576336,153.01751068317407,1,two_minute_passenger_loading_zones,776,153,23,19,357.5,0.813,Very High,500m-1km
MAKERSTON STREET | BRISBANE CITY,BRISBANE CITY,MAKERSTON STREET,-27.467523609145843,153.01790582373982,1,two_minute_passenger_loading_zones,560,122,19,14,284.0,0.879,Very High,500m-1km
PETRIE TERRACE | PETRIE TERRACE,PETRIE TERRACE,PETRIE TERRACE,-27.461987048429773,153.01440755896385,1,two_minute_passenger_loading_zones,445,56,12,1,125.5,0.583,Very High,500m-1km
MAKERSTON STREET | BRISBANE CITY,BRISBANE CITY,MAKERSTON STREET,-27.46676197227129,153.01883129983784,1,two_minute_passenger_loading_zones,842,128,28,18,311.0,0.944,Very High,500m-1km
EDMONDSTONE STREET | SOUTH BRISBANE,SOUTH BRISBANE,EDMONDSTONE STREET,-27.47732920381469,153.01402184903395,1,two_minute_passenger_loading_zones,556,154,0,0,308.0,1.452,Very High,1-1.5km
EAGLE TERRACE | AUCHENFLOWER,AUCHENFLOWER,EAGLE TERRACE,-27.47537706568804,152.99704386463955,1,two_minute_passenger_loading_zones,20,0,0,0,0.0,1.693,Low,1.5-2km
EDMONDSTONE STREET | SOUTH BRISBANE,SOUTH BRISBANE,EDMONDSTONE STREET,-27.4812021112027,153.01684040721148,1,two_minute_passenger_loading_zones,6,0,0,0,0.0,1.952,Low,1.5-2km
PETRIE TERRACE | PETRIE TERRACE,PETRIE TERRACE,PETRIE TERRACE,-27.463620966498304,153.01439696626878,1,two_minute_passenger_loading_zones,482,83,14,4,186.0,0.504,Very High,500m-1km
CORDELIA STREET | SOUTH BRISBANE,SOUTH BRISBANE,CORDELIA STREET,-27.481626725488745,153.01974825468358,1,two_minute_passenger_loading_zones,0,0,0,0,0.0,2.117,Low,2km+
ARMY STREET | WEST END,WEST END,ARMY STREET,-27.48066316919616,153.01090498090127,1,two_minute_passenger_loading_zones,1,0,0,0,0.0,1.758,Low,1.5-2km
MERIVALE STREET | SOUTH BRISBANE,SOUTH BRISBANE,MERIVALE STREET,-27.47974832419653,153.01978104125038,1,two_minute_passenger_loading_zones,0,0,0,0,0.0,1.938,Low,1.5-2km
AMBLESIDE STREET | WEST END,WEST END,AMBLESIDE STREET,-27.4794276329404,153.00885578940537,1,two_minute_passenger_loading_zones,51,0,0,0,0.0,1.617,Low,1.5-2km
MOLLISON STREET | SOUTH BRISBANE,SOUTH BRISBANE,MOLLISON STREET,-27.476979924923377,153.01130039261017,1,two_minute_passenger_loading_zones,544,116,0,0,232.0,1.355,Very High,1-1.5km
RUSSELL STREET | SOUTH BRISBANE,SOUTH BRISBANE,RUSSELL STREET,-27.4770895782634,153.0169031324624,1,two_minute_passenger_loading_zones,167,14,0,0,28.0,1.54,High,1.5-2km
MCDOUGALL STREET | MILTON,MILTON,MCDOUGALL STREET,-27.47117856226798,153.00607702623896,1,two_minute_passenger_loading_zones,372,64,13,5,148.5,0.776,Very High,500m-1km
HARDGRAVE ROAD | WEST END,WEST END,HARDGRAVE ROAD,-27.482641995484403,153.00685834844427,1,two_minute_passenger_loading_zones,0,0,0,0,0.0,1.99,Low,1.5-2km
SEXTON STREET | PETRIE TERRACE,PETRIE TERRACE,SEXTON STREET,-27.46560383014755,153.01235058882872,1,two_minute_passenger_loading_zones,724,124,25,7,283.5,0.292,Very High,0-500m
SURREY STREET | RED HILL,RED HILL,SURREY STREET,-27.455527287050604,153.00261094499433,1,two_minute_passenger_loading_zones,260,40,7,0,87.0,1.244,Very High,1-1.5km
SEXTON STREET | PETRIE TERRACE,PETRIE TERRACE,SEXTON STREET,-27.465617530418733,153.01243864106834,1,two_minute_passenger_loading_zones,736,129,25,8,295.0,0.301,Very High,0-500m
CORDELIA STREET | SOUTH BRISBANE,SOUTH BRISBANE,CORDELIA STREET,-27.48168148085357,153.01978781137618,1,two_minute_passenger_loading_zones,0,0,0,0,0.0,2.124,Low,2km+
WILSON STREET | WEST END,WEST END,WILSON STREET,-27.478433131064005,153.01142944725592,1,two_minute_passenger_loading_zones,350,44,0,0,88.0,1.517,Very High,1.5-2km
BOUNDARY STREET | WEST END,WEST END,BOUNDARY STREET,-27.48232512911287,153.01187467249304,1,two_minute_passenger_loading_zones,0,0,0,0,0.0,1.952,Low,1.5-2km
MOLLISON STREET | WEST END,WEST END,MOLLISON STREET,-27.47726724143408,153.01227955201065,1,two_minute_passenger_loading_zones,689,177,0,0,354.0,1.402,Very High,1-1.5km
WEETMAN STREET | PETRIE TERRACE,PETRIE TERRACE,WEETMAN STREET,-27.46491240475496,153.01280173678856,1,two_minute_passenger_loading_zones,696,126,26,7,288.5,0.326,Very High,0-500m
TARABAY LANE | WEST END,WEST END,TARABAY LANE,-27.482956032210627,153.00290513878184,1,two_minute_passenger_loading_zones,0,0,0,0,0.0,2.111,Low,2km+
MONTAGUE ROAD | WEST END,WEST END,MONTAGUE ROAD,-27.477047915222208,153.00782106426138,1,two_minute_passenger_loading_zones,318,13,0,0,26.0,1.361,High,1-1.5km
ROMA STREET | BRISBANE CITY,BRISBANE CITY,ROMA STREET,-27.46621359137867,153.01693119795624,1,two_minute_passenger_loading_zones,802,195,22,18,439.0,0.748,Very High,500m-1km
TARABAY LANE | WEST END,WEST END,TARABAY LANE,-27.482855252578528,153.0029656617607,1,two_minute_passenger_loading_zones,0,0,0,0,0.0,2.098,Low,2km+
HORAN STREET | WEST END,WEST END,HORAN STREET,-27.47911697863477,153.00875270584024,1,two_minute_passenger_loading_zones,54,0,0,0,0.0,1.583,Low,1.5-2km
MORETON STREET | PADDINGTON,PADDINGTON,MORETON STREET,-27.460733260128062,153.01008958730628,1,two_minute_passenger_loading_zones,507,30,19,0,79.0,0.467,Very High,0-500m
BRISBANE GIRLS GRAMMAR SCHOOL ACCESS | SPRING HILL,SPRING HILL,BRISBANE GIRLS GRAMMAR SCHOOL ACCESS,-27.45901173675925,153.0199122740845,1,two_minute_passenger_loading_zones,340,65,8,6,147.0,1.218,Very High,1-1.5km
HOPE STREET | SOUTH BRISBANE,SOUTH BRISBANE,HOPE STREET,-27.4739423638873,153.01711221156074,1,two_minute_passenger_loading_zones,913,126,17,5,276.5,1.255,Very High,1-1.5km
MCDOUGALL STREET | MILTON,MILTON,MCDOUGALL STREET,-27.47143650823549,153.00541820078828,1,two_minute_passenger_loading_zones,456,69,13,8,163.0,0.831,Very High,500m-1km
UPPER ROMA STREET | BRISBANE CITY,BRISBANE CITY,UPPER ROMA STREET,-27.46658617694921,153.01292859506663,1,two_minute_passenger_loading_zones,916,184,25,11,409.5,0.387,Very High,0-500m
JANE STREET | WEST END,WEST END,JANE STREET,-27.477260551807472,153.00525115989552,1,two_minute_passenger_loading_zones,257,6,0,0,12.0,1.437,Moderate,1-1.5km
MANNING STREET | SOUTH BRISBANE,SOUTH BRISBANE,MANNING STREET,-27.47694910001834,153.01522210032005,1,two_minute_passenger_loading_zones,248,34,0,0,68.0,1.454,Very High,1-1.5km
LATROBE TERRACE | PADDINGTON,PADDINGTON,LATROBE TERRACE,-27.458964669502468,152.99728875637993,1,two_minute_passenger_loading_zones,598,90,3,0,183.0,1.374,Very High,1-1.5km
ROAD | BRISBANE CITY,BRISBANE CITY,ROAD,-27.4675004120192,153.01957413994197,1,two_minute_passenger_loading_zones,832,192,34,23,452.5,1.035,Very High,1-1.5km
GONA PARADE | KELVIN GROVE,KELVIN GROVE,GONA PARADE,-27.45510234478561,153.0131008851183,1,two_minute_passenger_loading_zones,662,109,21,4,245.0,1.146,Very High,1-1.5km
WEETMAN STREET | PETRIE TERRACE,PETRIE TERRACE,WEETMAN STREET,-27.46487489838427,153.01285578494986,1,two_minute_passenger_loading_zones,702,125,26,7,286.5,0.331,Very High,0-500m
HOPE STREET | SOUTH BRISBANE,SOUTH BRISBANE,HOPE STREET,-27.47174513668834,153.01561144033982,1,two_minute_passenger_loading_zones,924,350,30,17,755.5,0.971,Very High,500m-1km
RIVERSIDE DRIVE | WEST END,WEST END,RIVERSIDE DRIVE,-27.476665323027067,153.0048413331906,1,two_minute_passenger_loading_zones,209,0,0,0,0.0,1.387,Low,1-1.5km
