venue_id,pickup_point_id,label,suburb,street,latitude,longitude,candidate_pickup_point,source_dataset,official_event_role,nearby_road_count,nearby_major_road_count,nearby_crossing_count,nearby_signal_count,access_complexity_score,distance_to_venue_km,complexity_band,walk_band,safety_score,accessibility_score,driver_access_score,base_congestion_score,notes
queensland_tennis_centre,qtc_king_arthur_taxi,KING ARTHUR TERRACE TAXI RANK | YEERONGPILLY,Yeerongpilly,King Arthur Terrace,-27.525300,153.006200,1,manual_qtc_event_research,taxi_rank,260,45,6,3,140,0.15,Medium,under-250m,78,82,88,62,"Official Brisbane International taxi rank area. Best cab visibility, but likely high crowd pressure because it is close to the main entrance."
queensland_tennis_centre,qtc_bedivere_rideshare,BEDIVERE STREET RIDESHARE | YEERONGPILLY,Yeerongpilly,Bedivere Street,-27.524300,153.013350,1,manual_qtc_event_research,rideshare_pickup,320,35,8,4,165,0.75,High,500m-1km,74,78,84,72,"Official event rideshare pick-up/drop-off area. Good driver access away from the venue gate, with a longer walk."
queensland_tennis_centre,qtc_dexter_public_pickup,DEXTER STREET PUBLIC PICKUP | TENNYSON,Tennyson,Dexter Street,-27.526900,153.003700,1,manual_qtc_event_research,public_pickup_only,220,18,4,1,115,0.55,Medium,500m-1km,76,75,70,68,"Official public drop-off/pick-up area for private vehicles. Event guidance says this is not for rideshare or taxis, so use as a backup/private pickup option."
queensland_tennis_centre,qtc_green_accessible,GREEN STREET ACCESSIBLE PICKUP | YEERONGPILLY,Yeerongpilly,Green Street,-27.524950,153.014550,1,manual_qtc_event_research,accessible_pickup,280,30,8,4,130,0.85,Medium,500m-1km,82,96,78,70,"Official accessible drop-off/pick-up area with event shuttle support. Strong accessibility option, especially when venue parking is unavailable."
queensland_tennis_centre,qtc_wilkie_station,WILKIE STREET STATION PICKUP | YEERONGPILLY,Yeerongpilly,Wilkie Street,-27.525560,153.014050,1,manual_qtc_event_research,station_pickup,300,35,7,4,145,0.82,Medium,500m-1km,80,88,76,70,Near Yeerongpilly station and park'n'ride. Useful as a transport-linked pickup point and fallback if event pickup streets are busy.
queensland_tennis_centre,qtc_softstone_backup,SOFTSTONE STREET BACKUP PICKUP | TENNYSON,Tennyson,Softstone Street,-27.527200,153.007900,1,manual_qtc_event_research,backup_pickup,180,12,4,1,105,0.35,Low,250m-500m,72,76,66,60,Close backup near a venue access street. Should be checked against event road controls before being treated as a top recommendation.
queensland_tennis_centre,qtc_fairfield_ortive,FAIRFIELD ROAD / ORTIVE STREET | YEERONGPILLY,Yeerongpilly,Fairfield Road,-27.527800,153.011400,1,manual_qtc_event_research,driver_access_backup,380,60,8,5,175,0.70,High,500m-1km,70,72,82,58,"Driver-access fallback via Fairfield Road side. Better for cab approach, but likely busier and less calm for pedestrians."
queensland_tennis_centre,qtc_osm_001_unnamed_service_road,UNNAMED SERVICE ROAD QTC CANDIDATE 001 | YEERONGPILLY,Yeerongpilly,Unnamed Service Road,-27.526098,153.007461,1,osm_qtc_road_candidates,raw_road_candidate,269,73,7,4,554,0.069,Very High,under-250m,69.0,71.6,87.2,35,Generated from OpenStreetMap road geometry within 2 km of Queensland Tennis Centre. Road class: service. Requires final human review before becoming a preferred pickup.
queensland_tennis_centre,qtc_osm_002_king_arthur_terrace,KING ARTHUR TERRACE QTC CANDIDATE 002 | YEERONGPILLY,Yeerongpilly,King Arthur Terrace,-27.524780,153.007017,1,osm_qtc_road_candidates,raw_road_candidate,320,75,13,4,570,0.084,Very High,under-250m,63.0,76.6,96,35,Generated from OpenStreetMap road geometry within 2 km of Queensland Tennis Centre. Road class: unclassified. Requires final human review before becoming a preferred pickup.
queensland_tennis_centre,qtc_osm_003_king_arthur_terrace,KING ARTHUR TERRACE QTC CANDIDATE 003 | YEERONGPILLY,Yeerongpilly,King Arthur Terrace,-27.524804,153.008017,1,osm_qtc_road_candidates,raw_road_candidate,230,63,15,0,470,0.113,Very High,under-250m,71.0,74.6,96,35,Generated from OpenStreetMap road geometry within 2 km of Queensland Tennis Centre. Road class: residential. Requires final human review before becoming a preferred pickup.
queensland_tennis_centre,qtc_osm_004_unnamed_service_road,UNNAMED SERVICE ROAD QTC CANDIDATE 004 | YEERONGPILLY,Yeerongpilly,Unnamed Service Road,-27.526356,153.008338,1,osm_qtc_road_candidates,raw_road_candidate,234,59,11,0,452,0.146,Very High,under-250m,75.0,67.5,94.4,35,Generated from OpenStreetMap road geometry within 2 km of Queensland Tennis Centre. Road class: service. Requires final human review before becoming a preferred pickup.
queensland_tennis_centre,qtc_osm_005_king_arthur_terrace,KING ARTHUR TERRACE QTC CANDIDATE 005 | YEERONGPILLY,Yeerongpilly,King Arthur Terrace,-27.524875,153.005770,1,osm_qtc_road_candidates,raw_road_candidate,248,81,8,4,580,0.158,Very High,under-250m,68.0,79.7,96,35,Generated from OpenStreetMap road geometry within 2 km of Queensland Tennis Centre. Road class: unclassified. Requires final human review before becoming a preferred pickup.
queensland_tennis_centre,qtc_osm_006_walker_street,WALKER STREET QTC CANDIDATE 006 | YEERONGPILLY,Yeerongpilly,Walker Street,-27.526937,153.006140,1,osm_qtc_road_candidates,raw_road_candidate,165,75,4,4,534,0.189,Very High,under-250m,72.0,82.5,96,35,Generated from OpenStreetMap road geometry within 2 km of Queensland Tennis Centre. Road class: unclassified. Requires final human review before becoming a preferred pickup.
queensland_tennis_centre,qtc_osm_007_unnamed_service_road,UNNAMED SERVICE ROAD QTC CANDIDATE 007 | TENNYSON,Tennyson,Unnamed Service Road,-27.527228,153.007430,1,osm_qtc_road_candidates,raw_road_candidate,124,45,2,3,382,0.191,Very High,under-250m,76.5,74.1,89.0,35,Generated from OpenStreetMap road geometry within 2 km of Queensland Tennis Centre. Road class: service. Requires final human review before becoming a preferred pickup.
queensland_tennis_centre,qtc_osm_008_unnamed_service_road,UNNAMED SERVICE ROAD QTC CANDIDATE 008 | YEERONGPILLY,Yeerongpilly,Unnamed Service Road,-27.525958,153.009222,1,osm_qtc_road_candidates,raw_road_candidate,253,50,12,0,411,0.205,Very High,under-250m,74.0,65.9,94.4,35,Generated from OpenStreetMap road geometry within 2 km of Queensland Tennis Centre. Road class: service. Requires final human review before becoming a preferred pickup.
queensland_tennis_centre,qtc_osm_009_unnamed_residential_road,UNNAMED RESIDENTIAL ROAD QTC CANDIDATE 009 | YEERONGPILLY,Yeerongpilly,Unnamed Residential Road,-27.524508,153.008946,1,osm_qtc_road_candidates,raw_road_candidate,249,24,19,3,327,0.205,Very High,under-250m,59.5,70.3,96,35,Generated from OpenStreetMap road geometry within 2 km of Queensland Tennis Centre. Road class: residential. Requires final human review before becoming a preferred pickup.
queensland_tennis_centre,qtc_osm_010_softstone_street,SOFTSTONE STREET QTC CANDIDATE 010 | YEERONGPILLY,Yeerongpilly,Softstone Street,-27.525773,153.005021,1,osm_qtc_road_candidates,raw_road_candidate,252,82,8,4,585,0.217,Very High,under-250m,68.0,79.0,96,35,Generated from OpenStreetMap road geometry within 2 km of Queensland Tennis Centre. Road class: secondary. Requires final human review before becoming a preferred pickup.
queensland_tennis_centre,qtc_osm_011_unnamed_service_road,UNNAMED SERVICE ROAD QTC CANDIDATE 011 | YEERONGPILLY,Yeerongpilly,Unnamed Service Road,-27.526891,153.009083,1,osm_qtc_road_candidates,raw_road_candidate,155,57,7,0,426,0.24,Very High,under-250m,79.0,69.5,94.4,35,Generated from OpenStreetMap road geometry within 2 km of Queensland Tennis Centre. Road class: service. Requires final human review before becoming a preferred pickup.
queensland_tennis_centre,qtc_osm_012_unnamed_service_road,UNNAMED SERVICE ROAD QTC CANDIDATE 012 | TENNYSON,Tennyson,Unnamed Service Road,-27.527577,153.008402,1,osm_qtc_road_candidates,raw_road_candidate,92,62,0,0,423,0.258,Very High,250m-500m,86.0,74.9,94.4,35,Generated from OpenStreetMap road geometry within 2 km of Queensland Tennis Centre. Road class: service. Requires final human review before becoming a preferred pickup.
queensland_tennis_centre,qtc_osm_013_softstone_street,SOFTSTONE STREET QTC CANDIDATE 013 | TENNYSON,Tennyson,Softstone Street,-27.524703,153.004517,1,osm_qtc_road_candidates,raw_road_candidate,204,80,8,4,575,0.28,Very High,250m-500m,68.0,78.2,96,35,Generated from OpenStreetMap road geometry within 2 km of Queensland Tennis Centre. Road class: secondary. Requires final human review before becoming a preferred pickup.
queensland_tennis_centre,qtc_osm_014_curzon_street,CURZON STREET QTC CANDIDATE 014 | TENNYSON,Tennyson,Curzon Street,-27.527466,153.005010,1,osm_qtc_road_candidates,raw_road_candidate,147,80,3,4,555,0.306,Very High,250m-500m,73.0,81.9,96,35,Generated from OpenStreetMap road geometry within 2 km of Queensland Tennis Centre. Road class: unclassified. Requires final human review before becoming a preferred pickup.
queensland_tennis_centre,qtc_osm_015_unnamed_service_road,UNNAMED SERVICE ROAD QTC CANDIDATE 015 | YEERONGPILLY,Yeerongpilly,Unnamed Service Road,-27.523724,153.009579,1,osm_qtc_road_candidates,raw_road_candidate,259,0,24,5,269,0.308,Very High,250m-500m,49.5,55.1,59.0,61.0,Generated from OpenStreetMap road geometry within 2 km of Queensland Tennis Centre. Road class: service. Requires final human review before becoming a preferred pickup.
queensland_tennis_centre,qtc_osm_016_godiva_avenue,GODIVA AVENUE QTC CANDIDATE 016 | YEERONGPILLY,Yeerongpilly,Godiva Avenue,-27.525159,153.010393,1,osm_qtc_road_candidates,raw_road_candidate,341,77,29,4,644,0.317,Very High,250m-500m,47.0,61.0,96,35,Generated from OpenStreetMap road geometry within 2 km of Queensland Tennis Centre. Road class: residential. Requires final human review before becoming a preferred pickup.
queensland_tennis_centre,qtc_osm_017_myla_terrace,MYLA TERRACE QTC CANDIDATE 017 | TENNYSON,Tennyson,Myla Terrace,-27.525663,153.003589,1,osm_qtc_road_candidates,raw_road_candidate,286,83,12,4,606,0.357,Very High,250m-500m,64.0,74.1,96,35,Generated from OpenStreetMap road geometry within 2 km of Queensland Tennis Centre. Road class: residential. Requires final human review before becoming a preferred pickup.
queensland_tennis_centre,qtc_osm_018_varley_street,VARLEY STREET QTC CANDIDATE 018 | YEERONGPILLY,Yeerongpilly,Varley Street,-27.526871,153.010636,1,osm_qtc_road_candidates,raw_road_candidate,252,141,21,0,884,0.371,Very High,250m-500m,65.0,66.8,96,35,Generated from OpenStreetMap road geometry within 2 km of Queensland Tennis Centre. Road class: secondary. Requires final human review before becoming a preferred pickup.
queensland_tennis_centre,qtc_osm_019_unnamed_service_road,UNNAMED SERVICE ROAD QTC CANDIDATE 019 | TENNYSON,Tennyson,Unnamed Service Road,-27.527888,153.004210,1,osm_qtc_road_candidates,raw_road_candidate,148,38,2,4,359,0.396,Very High,250m-500m,74.0,71.7,87.2,35,Generated from OpenStreetMap road geometry within 2 km of Queensland Tennis Centre. Road class: service. Requires final human review before becoming a preferred pickup.
queensland_tennis_centre,qtc_osm_020_king_arthur_terrace,KING ARTHUR TERRACE QTC CANDIDATE 020 | TENNYSON,Tennyson,King Arthur Terrace,-27.524790,153.003219,1,osm_qtc_road_candidates,raw_road_candidate,224,80,11,1,551,0.401,Very High,250m-500m,72.5,74.4,96,35,Generated from OpenStreetMap road geometry within 2 km of Queensland Tennis Centre. Road class: secondary. Requires final human review before becoming a preferred pickup.
queensland_tennis_centre,qtc_osm_021_curzon_street,CURZON STREET QTC CANDIDATE 021 | TENNYSON,Tennyson,Curzon Street,-27.528711,153.004783,1,osm_qtc_road_candidates,raw_road_candidate,96,32,0,0,255,0.428,Very High,250m-500m,86.0,82.9,96,35,Generated from OpenStreetMap road geometry within 2 km of Queensland Tennis Centre. Road class: unclassified. Requires final human review before becoming a preferred pickup.
queensland_tennis_centre,qtc_osm_022_bedivere_street,BEDIVERE STREET QTC CANDIDATE 022 | YEERONGPILLY,Yeerongpilly,Bedivere Street,-27.523330,153.010783,1,osm_qtc_road_candidates,raw_road_candidate,332,30,35,7,469,0.429,Very High,250m-500m,45,54.9,96,35,Generated from OpenStreetMap road geometry within 2 km of Queensland Tennis Centre. Road class: residential. Requires final human review before becoming a preferred pickup.
queensland_tennis_centre,qtc_osm_023_godiva_avenue,GODIVA AVENUE QTC CANDIDATE 023 | YEERONGPILLY,Yeerongpilly,Godiva Avenue,-27.525347,153.011706,1,osm_qtc_road_candidates,raw_road_candidate,284,138,35,7,1009,0.445,Very High,250m-500m,45,54.7,96,35,Generated from OpenStreetMap road geometry within 2 km of Queensland Tennis Centre. Road class: residential. Requires final human review before becoming a preferred pickup.
queensland_tennis_centre,qtc_osm_024_lofter_street,LOFTER STREET QTC CANDIDATE 024 | TENNYSON,Tennyson,Lofter Street,-27.527164,153.002993,1,osm_qtc_road_candidates,raw_road_candidate,177,77,4,1,508,0.454,Very High,250m-500m,79.5,79.4,96,35,Generated from OpenStreetMap road geometry within 2 km of Queensland Tennis Centre. Road class: unclassified. Requires final human review before becoming a preferred pickup.
queensland_tennis_centre,qtc_osm_025_queens_way,QUEENS WAY QTC CANDIDATE 025 | YEERONGPILLY,Yeerongpilly,Queens Way,-27.524551,153.011899,1,osm_qtc_road_candidates,raw_road_candidate,318,132,39,9,1019,0.475,Very High,250m-500m,45,51.1,96,35,Generated from OpenStreetMap road geometry within 2 km of Queensland Tennis Centre. Road class: residential. Requires final human review before becoming a preferred pickup.
queensland_tennis_centre,qtc_osm_026_varley_street,VARLEY STREET QTC CANDIDATE 026 | TENNYSON,Tennyson,Varley Street,-27.527723,153.011549,1,osm_qtc_road_candidates,raw_road_candidate,274,169,16,0,1004,0.494,Very High,250m-500m,70.0,69.3,96,35,Generated from OpenStreetMap road geometry within 2 km of Queensland Tennis Centre. Road class: secondary. Requires final human review before becoming a preferred pickup.
queensland_tennis_centre,qtc_osm_027_lancelot_street,LANCELOT STREET QTC CANDIDATE 027 | TENNYSON,Tennyson,Lancelot Street,-27.526101,153.002216,1,osm_qtc_road_candidates,raw_road_candidate,177,77,9,0,516,0.496,Very High,250m-500m,77.0,74.8,96,35,Generated from OpenStreetMap road geometry within 2 km of Queensland Tennis Centre. Road class: residential. Requires final human review before becoming a preferred pickup.
queensland_tennis_centre,qtc_osm_028_king_arthur_terrace,KING ARTHUR TERRACE QTC CANDIDATE 028 | YEERONGPILLY,Yeerongpilly,King Arthur Terrace,-27.523461,153.011745,1,osm_qtc_road_candidates,raw_road_candidate,350,90,36,10,809,0.503,Very High,500m-1km,45,53.2,94.4,35,Generated from OpenStreetMap road geometry within 2 km of Queensland Tennis Centre. Road class: residential. Requires final human review before becoming a preferred pickup.
queensland_tennis_centre,qtc_osm_029_unnamed_service_road,UNNAMED SERVICE ROAD QTC CANDIDATE 029 | TENNYSON,Tennyson,Unnamed Service Road,-27.527032,153.002079,1,osm_qtc_road_candidates,raw_road_candidate,140,51,4,0,384,0.532,Very High,500m-1km,82.0,68.4,94.4,35,Generated from OpenStreetMap road geometry within 2 km of Queensland Tennis Centre. Road class: service. Requires final human review before becoming a preferred pickup.
queensland_tennis_centre,qtc_osm_030_pulle_street,PULLE STREET QTC CANDIDATE 030 | TENNYSON,Tennyson,Pulle Street,-27.529100,153.010813,1,osm_qtc_road_candidates,raw_road_candidate,247,149,18,4,960,0.534,Very High,500m-1km,58.0,67.2,96,35,Generated from OpenStreetMap road geometry within 2 km of Queensland Tennis Centre. Road class: unclassified. Requires final human review before becoming a preferred pickup.
queensland_tennis_centre,qtc_osm_031_king_arthur_terrace,KING ARTHUR TERRACE QTC CANDIDATE 031 | TENNYSON,Tennyson,King Arthur Terrace,-27.524541,153.001873,1,osm_qtc_road_candidates,raw_road_candidate,112,62,9,0,441,0.537,Very High,500m-1km,77.0,74.4,96,35,Generated from OpenStreetMap road geometry within 2 km of Queensland Tennis Centre. Road class: secondary. Requires final human review before becoming a preferred pickup.
queensland_tennis_centre,qtc_osm_032_allawah_street,ALLAWAH STREET QTC CANDIDATE 032 | TENNYSON,Tennyson,Allawah Street,-27.529902,153.010305,1,osm_qtc_road_candidates,raw_road_candidate,160,101,10,4,688,0.576,Very High,500m-1km,66.0,73.1,96,35,Generated from OpenStreetMap road geometry within 2 km of Queensland Tennis Centre. Road class: residential. Requires final human review before becoming a preferred pickup.
queensland_tennis_centre,qtc_osm_033_unnamed_service_road,UNNAMED SERVICE ROAD QTC CANDIDATE 033 | YEERONGPILLY,Yeerongpilly,Unnamed Service Road,-27.524289,153.012910,1,osm_qtc_road_candidates,raw_road_candidate,346,159,37,10,1176,0.579,Very High,500m-1km,45,42,76.4,35,Generated from OpenStreetMap road geometry within 2 km of Queensland Tennis Centre. Road class: service. Requires final human review before becoming a preferred pickup.
queensland_tennis_centre,qtc_osm_034_mooney_street,MOONEY STREET QTC CANDIDATE 034 | YEERONGPILLY,Yeerongpilly,Mooney Street,-27.522819,153.012315,1,osm_qtc_road_candidates,raw_road_candidate,316,113,30,10,900,0.587,Very High,500m-1km,45,57.0,94.4,35,Generated from OpenStreetMap road geometry within 2 km of Queensland Tennis Centre. Road class: residential. Requires final human review before becoming a preferred pickup.
queensland_tennis_centre,qtc_osm_035_unnamed_service_road,UNNAMED SERVICE ROAD QTC CANDIDATE 035 | TENNYSON,Tennyson,Unnamed Service Road,-27.529850,153.003792,1,osm_qtc_road_candidates,raw_road_candidate,112,0,0,0,113,0.587,Medium,500m-1km,86.0,71.0,68.0,76.0,Generated from OpenStreetMap road geometry within 2 km of Queensland Tennis Centre. Road class: service. Requires final human review before becoming a preferred pickup.
queensland_tennis_centre,qtc_osm_036_paragon_street,PARAGON STREET QTC CANDIDATE 036 | YEERONGPILLY,Yeerongpilly,Paragon Street,-27.521981,153.011707,1,osm_qtc_road_candidates,raw_road_candidate,223,90,22,7,717,0.593,Very High,500m-1km,46.5,63.3,96,35,Generated from OpenStreetMap road geometry within 2 km of Queensland Tennis Centre. Road class: residential. Requires final human review before becoming a preferred pickup.
queensland_tennis_centre,qtc_osm_037_fairfield_road,FAIRFIELD ROAD QTC CANDIDATE 037 | YEERONGPILLY,Yeerongpilly,Fairfield Road,-27.526187,153.013214,1,osm_qtc_road_candidates,raw_road_candidate,251,158,20,0,965,0.597,Very High,500m-1km,66.0,64.8,96,35,Generated from OpenStreetMap road geometry within 2 km of Queensland Tennis Centre. Road class: secondary. Requires final human review before becoming a preferred pickup.
queensland_tennis_centre,qtc_osm_038_curzon_street,CURZON STREET QTC CANDIDATE 038 | TENNYSON,Tennyson,Curzon Street,-27.530444,153.004434,1,osm_qtc_road_candidates,raw_road_candidate,101,0,0,0,95,0.612,Low,500m-1km,86.0,80.7,86.0,76.0,Generated from OpenStreetMap road geometry within 2 km of Queensland Tennis Centre. Road class: unclassified. Requires final human review before becoming a preferred pickup.
queensland_tennis_centre,qtc_osm_039_fairfield_road,FAIRFIELD ROAD QTC CANDIDATE 039 | TENNYSON,Tennyson,Fairfield Road,-27.527258,153.013097,1,osm_qtc_road_candidates,raw_road_candidate,278,177,18,0,1052,0.613,Very High,500m-1km,68.0,66.2,96,35,Generated from OpenStreetMap road geometry within 2 km of Queensland Tennis Centre. Road class: secondary. Requires final human review before becoming a preferred pickup.
queensland_tennis_centre,qtc_osm_040_lancelot_street,LANCELOT STREET QTC CANDIDATE 040 | TENNYSON,Tennyson,Lancelot Street,-27.526059,153.000978,1,osm_qtc_road_candidates,raw_road_candidate,155,24,9,0,251,0.617,Very High,500m-1km,77.0,73.4,96,42.4,Generated from OpenStreetMap road geometry within 2 km of Queensland Tennis Centre. Road class: residential. Requires final human review before becoming a preferred pickup.
queensland_tennis_centre,qtc_osm_041_fig_tree_street,FIG TREE STREET QTC CANDIDATE 041 | YEERONGPILLY,Yeerongpilly,Fig Tree Street,-27.523427,153.013079,1,osm_qtc_road_candidates,raw_road_candidate,367,138,37,11,1065,0.624,Very High,500m-1km,45,50.9,92.6,35,Generated from OpenStreetMap road geometry within 2 km of Queensland Tennis Centre. Road class: residential. Requires final human review before becoming a preferred pickup.
queensland_tennis_centre,qtc_osm_042_fairfield_road,FAIRFIELD ROAD QTC CANDIDATE 042 | YEERONGPILLY,Yeerongpilly,Fairfield Road,-27.524895,153.013612,1,osm_qtc_road_candidates,raw_road_candidate,288,158,31,7,1093,0.636,Very High,500m-1km,45,55.6,96,35,Generated from OpenStreetMap road geometry within 2 km of Queensland Tennis Centre. Road class: secondary. Requires final human review before becoming a preferred pickup.
queensland_tennis_centre,qtc_osm_043_fairfield_road,FAIRFIELD ROAD QTC CANDIDATE 043 | TENNYSON,Tennyson,Fairfield Road,-27.528554,153.012714,1,osm_qtc_road_candidates,raw_road_candidate,345,171,20,4,1078,0.64,Very High,500m-1km,56.0,64.3,96,35,Generated from OpenStreetMap road geometry within 2 km of Queensland Tennis Centre. Road class: secondary. Requires final human review before becoming a preferred pickup.
queensland_tennis_centre,qtc_osm_044_moolabin_crescent,MOOLABIN CRESCENT QTC CANDIDATE 044 | TENNYSON,Tennyson,Moolabin Crescent,-27.529991,153.011553,1,osm_qtc_road_candidates,raw_road_candidate,208,127,13,4,830,0.657,Very High,500m-1km,63.0,69.7,96,35,Generated from OpenStreetMap road geometry within 2 km of Queensland Tennis Centre. Road class: residential. Requires final human review before becoming a preferred pickup.
queensland_tennis_centre,qtc_osm_045_unnamed_service_road,UNNAMED SERVICE ROAD QTC CANDIDATE 045 | TENNYSON,Tennyson,Unnamed Service Road,-27.527535,153.000881,1,osm_qtc_road_candidates,raw_road_candidate,121,10,4,0,179,0.662,High,500m-1km,82.0,66.9,90.0,62.0,Generated from OpenStreetMap road geometry within 2 km of Queensland Tennis Centre. Road class: service. Requires final human review before becoming a preferred pickup.
queensland_tennis_centre,qtc_osm_046_unnamed_service_road,UNNAMED SERVICE ROAD QTC CANDIDATE 046 | YEERONGPILLY,Yeerongpilly,Unnamed Service Road,-27.521086,153.011803,1,osm_qtc_road_candidates,raw_road_candidate,130,62,7,1,463,0.67,Very High,500m-1km,76.5,64.4,92.6,35,Generated from OpenStreetMap road geometry within 2 km of Queensland Tennis Centre. Road class: service. Requires final human review before becoming a preferred pickup.
queensland_tennis_centre,qtc_osm_047_king_arthur_terrace,KING ARTHUR TERRACE QTC CANDIDATE 047 | TENNYSON,Tennyson,King Arthur Terrace,-27.524509,153.000471,1,osm_qtc_road_candidates,raw_road_candidate,79,24,8,0,247,0.673,Very High,500m-1km,78.0,73.5,96,42.4,Generated from OpenStreetMap road geometry within 2 km of Queensland Tennis Centre. Road class: secondary. Requires final human review before becoming a preferred pickup.
queensland_tennis_centre,qtc_osm_048_paragon_street,PARAGON STREET QTC CANDIDATE 048 | YEERONGPILLY,Yeerongpilly,Paragon Street,-27.522204,153.012947,1,osm_qtc_road_candidates,raw_road_candidate,318,126,31,11,981,0.676,Very High,500m-1km,45,55.1,92.6,35,Generated from OpenStreetMap road geometry within 2 km of Queensland Tennis Centre. Road class: residential. Requires final human review before becoming a preferred pickup.
queensland_tennis_centre,qtc_osm_049_livingstone_street,LIVINGSTONE STREET QTC CANDIDATE 049 | YEERONGPILLY,Yeerongpilly,Livingstone Street,-27.525904,153.014149,1,osm_qtc_road_candidates,raw_road_candidate,209,157,16,1,956,0.686,Very High,500m-1km,67.5,67.0,96,35,Generated from OpenStreetMap road geometry within 2 km of Queensland Tennis Centre. Road class: residential. Requires final human review before becoming a preferred pickup.
queensland_tennis_centre,qtc_osm_050_allawah_street,ALLAWAH STREET QTC CANDIDATE 050 | TENNYSON,Tennyson,Allawah Street,-27.531148,153.010092,1,osm_qtc_road_candidates,raw_road_candidate,67,73,4,2,500,0.688,Very High,500m-1km,77.0,76.5,96,35,Generated from OpenStreetMap road geometry within 2 km of Queensland Tennis Centre. Road class: residential. Requires final human review before becoming a preferred pickup.
queensland_tennis_centre,qtc_osm_051_king_arthur_terrace,KING ARTHUR TERRACE QTC CANDIDATE 051 | YEERONGPILLY,Yeerongpilly,King Arthur Terrace,-27.523723,153.014021,1,osm_qtc_road_candidates,raw_road_candidate,324,141,36,10,1064,0.701,Very High,500m-1km,45,50.8,94.4,35,Generated from OpenStreetMap road geometry within 2 km of Queensland Tennis Centre. Road class: residential. Requires final human review before becoming a preferred pickup.
queensland_tennis_centre,qtc_osm_052_wilkie_street,WILKIE STREET QTC CANDIDATE 052 | TENNYSON,Tennyson,Wilkie Street,-27.528032,153.013751,1,osm_qtc_road_candidates,raw_road_candidate,250,178,15,0,1045,0.704,Very High,500m-1km,71.0,67.6,96,35,Generated from OpenStreetMap road geometry within 2 km of Queensland Tennis Centre. Road class: tertiary. Requires final human review before becoming a preferred pickup.
queensland_tennis_centre,qtc_osm_053_unnamed_service_road,UNNAMED SERVICE ROAD QTC CANDIDATE 053 | TENNYSON,Tennyson,Unnamed Service Road,-27.530522,153.002721,1,osm_qtc_road_candidates,raw_road_candidate,105,0,0,0,113,0.711,Medium,500m-1km,86.0,69.5,68.0,76.0,Generated from OpenStreetMap road geometry within 2 km of Queensland Tennis Centre. Road class: service. Requires final human review before becoming a preferred pickup.
queensland_tennis_centre,qtc_osm_054_unnamed_service_road,UNNAMED SERVICE ROAD QTC CANDIDATE 054 | TENNYSON,Tennyson,Unnamed Service Road,-27.529584,153.013008,1,osm_qtc_road_candidates,raw_road_candidate,285,150,15,4,971,0.73,Very High,500m-1km,61.0,57.2,87.2,35,Generated from OpenStreetMap road geometry within 2 km of Queensland Tennis Centre. Road class: service. Requires final human review before becoming a preferred pickup.
queensland_tennis_centre,qtc_osm_055_unnamed_service_road,UNNAMED SERVICE ROAD QTC CANDIDATE 055 | TENNYSON,Tennyson,Unnamed Service Road,-27.527236,153.014437,1,osm_qtc_road_candidates,raw_road_candidate,217,145,12,0,886,0.739,Very High,500m-1km,74.0,59.5,94.4,35,Generated from OpenStreetMap road geometry within 2 km of Queensland Tennis Centre. Road class: service. Requires final human review before becoming a preferred pickup.
queensland_tennis_centre,qtc_osm_056_curzon_street,CURZON STREET QTC CANDIDATE 056 | TENNYSON,Tennyson,Curzon Street,-27.531305,153.003404,1,osm_qtc_road_candidates,raw_road_candidate,104,0,0,0,95,0.745,Low,500m-1km,86.0,79.1,86.0,76.0,Generated from OpenStreetMap road geometry within 2 km of Queensland Tennis Centre. Road class: unclassified. Requires final human review before becoming a preferred pickup.
queensland_tennis_centre,qtc_osm_057_cook_street,COOK STREET QTC CANDIDATE 057 | YEERONGPILLY,Yeerongpilly,Cook Street,-27.520795,153.012707,1,osm_qtc_road_candidates,raw_road_candidate,174,108,10,3,711,0.755,Very High,500m-1km,68.5,70.9,96,35,Generated from OpenStreetMap road geometry within 2 km of Queensland Tennis Centre. Road class: residential. Requires final human review before becoming a preferred pickup.
queensland_tennis_centre,qtc_osm_058_lancelot_street,LANCELOT STREET QTC CANDIDATE 058 | TENNYSON,Tennyson,Lancelot Street,-27.526405,152.999568,1,osm_qtc_road_candidates,raw_road_candidate,108,16,8,0,207,0.759,High,500m-1km,78.0,72.5,96,53.6,Generated from OpenStreetMap road geometry within 2 km of Queensland Tennis Centre. Road class: residential. Requires final human review before becoming a preferred pickup.
queensland_tennis_centre,qtc_osm_059_green_street,GREEN STREET QTC CANDIDATE 059 | YEERONGPILLY,Yeerongpilly,Green Street,-27.525176,153.014893,1,osm_qtc_road_candidates,raw_road_candidate,188,161,14,3,992,0.759,Very High,500m-1km,64.5,67.7,96,35,Generated from OpenStreetMap road geometry within 2 km of Queensland Tennis Centre. Road class: residential. Requires final human review before becoming a preferred pickup.
queensland_tennis_centre,qtc_osm_060_moolabin_crescent,MOOLABIN CRESCENT QTC CANDIDATE 060 | TENNYSON,Tennyson,Moolabin Crescent,-27.531370,153.011246,1,osm_qtc_road_candidates,raw_road_candidate,135,84,7,4,591,0.763,Very High,500m-1km,69.0,73.2,96,35,Generated from OpenStreetMap road geometry within 2 km of Queensland Tennis Centre. Road class: residential. Requires final human review before becoming a preferred pickup.
queensland_tennis_centre,qtc_osm_061_unnamed_service_road,UNNAMED SERVICE ROAD QTC CANDIDATE 061 | TENNYSON,Tennyson,Unnamed Service Road,-27.528400,153.000170,1,osm_qtc_road_candidates,raw_road_candidate,80,0,0,0,113,0.764,Medium,500m-1km,86.0,68.8,68.0,76.0,Generated from OpenStreetMap road geometry within 2 km of Queensland Tennis Centre. Road class: service. Requires final human review before becoming a preferred pickup.
queensland_tennis_centre,qtc_osm_062_simon_street,SIMON STREET QTC CANDIDATE 062 | YEERONGPILLY,Yeerongpilly,Simon Street,-27.521593,153.013654,1,osm_qtc_road_candidates,raw_road_candidate,331,139,23,6,954,0.772,Very High,500m-1km,48.0,60.3,96,35,Generated from OpenStreetMap road geometry within 2 km of Queensland Tennis Centre. Road class: residential. Requires final human review before becoming a preferred pickup.
queensland_tennis_centre,qtc_osm_063_unnamed_service_road,UNNAMED SERVICE ROAD QTC CANDIDATE 063 | YEERONGPILLY,Yeerongpilly,Unnamed Service Road,-27.519904,153.012012,1,osm_qtc_road_candidates,raw_road_candidate,87,35,5,0,308,0.784,Very High,500m-1km,81.0,64.6,94.4,35,Generated from OpenStreetMap road geometry within 2 km of Queensland Tennis Centre. Road class: service. Requires final human review before becoming a preferred pickup.
queensland_tennis_centre,qtc_osm_064_unnamed_service_road,UNNAMED SERVICE ROAD QTC CANDIDATE 064 | TENNYSON,Tennyson,Unnamed Service Road,-27.530429,153.013088,1,osm_qtc_road_candidates,raw_road_candidate,193,108,9,4,737,0.797,Very High,500m-1km,67.0,61.2,87.2,35,Generated from OpenStreetMap road geometry within 2 km of Queensland Tennis Centre. Road class: service. Requires final human review before becoming a preferred pickup.
queensland_tennis_centre,qtc_osm_065_unnamed_service_road,UNNAMED SERVICE ROAD QTC CANDIDATE 065 | TENNYSON,Tennyson,Unnamed Service Road,-27.529437,153.000395,1,osm_qtc_road_candidates,raw_road_candidate,42,0,0,0,113,0.8,Medium,500m-1km,86.0,68.4,68.0,76.0,Generated from OpenStreetMap road geometry within 2 km of Queensland Tennis Centre. Road class: service. Requires final human review before becoming a preferred pickup.
queensland_tennis_centre,qtc_osm_066_paragon_street,PARAGON STREET QTC CANDIDATE 066 | YEERONGPILLY,Yeerongpilly,Paragon Street,-27.522439,153.014546,1,osm_qtc_road_candidates,raw_road_candidate,310,153,22,6,1020,0.801,Very High,500m-1km,49.0,60.8,96,35,Generated from OpenStreetMap road geometry within 2 km of Queensland Tennis Centre. Road class: residential. Requires final human review before becoming a preferred pickup.
queensland_tennis_centre,qtc_osm_067_chale_street,CHALE STREET QTC CANDIDATE 067 | TENNYSON,Tennyson,Chale Street,-27.531101,153.012536,1,osm_qtc_road_candidates,raw_road_candidate,155,87,6,4,602,0.814,Very High,500m-1km,70.0,73.4,96,35,Generated from OpenStreetMap road geometry within 2 km of Queensland Tennis Centre. Road class: unclassified. Requires final human review before becoming a preferred pickup.
queensland_tennis_centre,qtc_osm_068_station_road,STATION ROAD QTC CANDIDATE 068 | TENNYSON,Tennyson,Station Road,-27.528279,153.014887,1,osm_qtc_road_candidates,raw_road_candidate,198,143,7,0,838,0.818,Very High,500m-1km,79.0,72.6,96,35,Generated from OpenStreetMap road geometry within 2 km of Queensland Tennis Centre. Road class: tertiary. Requires final human review before becoming a preferred pickup.
queensland_tennis_centre,qtc_osm_069_unnamed_service_road,UNNAMED SERVICE ROAD QTC CANDIDATE 069 | TENNYSON,Tennyson,Unnamed Service Road,-27.531191,153.001860,1,osm_qtc_road_candidates,raw_road_candidate,83,0,0,0,113,0.822,Medium,500m-1km,86.0,68.1,68.0,76.0,Generated from OpenStreetMap road geometry within 2 km of Queensland Tennis Centre. Road class: service. Requires final human review before becoming a preferred pickup.
queensland_tennis_centre,qtc_osm_070_unnamed_service_road,UNNAMED SERVICE ROAD QTC CANDIDATE 070 | YEERONGPILLY,Yeerongpilly,Unnamed Service Road,-27.524331,153.015437,1,osm_qtc_road_candidates,raw_road_candidate,203,170,18,3,1071,0.823,Very High,500m-1km,60.5,53.7,89.0,35,Generated from OpenStreetMap road geometry within 2 km of Queensland Tennis Centre. Road class: service. Requires final human review before becoming a preferred pickup.
queensland_tennis_centre,qtc_osm_071_unnamed_service_road,UNNAMED SERVICE ROAD QTC CANDIDATE 071 | TENNYSON,Tennyson,Unnamed Service Road,-27.530413,153.000897,1,osm_qtc_road_candidates,raw_road_candidate,48,0,0,0,113,0.826,Medium,500m-1km,86.0,68.1,68.0,76.0,Generated from OpenStreetMap road geometry within 2 km of Queensland Tennis Centre. Road class: service. Requires final human review before becoming a preferred pickup.
queensland_tennis_centre,qtc_osm_072_unnamed_service_road,UNNAMED SERVICE ROAD QTC CANDIDATE 072 | YEERONGPILLY,Yeerongpilly,Unnamed Service Road,-27.526696,153.015489,1,osm_qtc_road_candidates,raw_road_candidate,160,148,4,0,869,0.828,Very High,500m-1km,82.0,64.9,94.4,35,Generated from OpenStreetMap road geometry within 2 km of Queensland Tennis Centre. Road class: service. Requires final human review before becoming a preferred pickup.
queensland_tennis_centre,qtc_osm_073_curzon_street,CURZON STREET QTC CANDIDATE 073 | TENNYSON,Tennyson,Curzon Street,-27.532043,153.002931,1,osm_qtc_road_candidates,raw_road_candidate,104,0,0,0,95,0.839,Low,500m-1km,86.0,77.9,86.0,76.0,Generated from OpenStreetMap road geometry within 2 km of Queensland Tennis Centre. Road class: unclassified. Requires final human review before becoming a preferred pickup.
queensland_tennis_centre,qtc_osm_074_unnamed_service_road,UNNAMED SERVICE ROAD QTC CANDIDATE 074 | YEERONGPILLY,Yeerongpilly,Unnamed Service Road,-27.520300,153.013633,1,osm_qtc_road_candidates,raw_road_candidate,231,120,19,3,825,0.86,Very High,500m-1km,59.5,52.5,89.0,35,Generated from OpenStreetMap road geometry within 2 km of Queensland Tennis Centre. Road class: service. Requires final human review before becoming a preferred pickup.
queensland_tennis_centre,qtc_osm_075_cook_street,COOK STREET QTC CANDIDATE 075 | YEERONGPILLY,Yeerongpilly,Cook Street,-27.521019,153.014330,1,osm_qtc_road_candidates,raw_road_candidate,276,155,20,3,986,0.863,Very High,500m-1km,58.5,61.6,96,35,Generated from OpenStreetMap road geometry within 2 km of Queensland Tennis Centre. Road class: residential. Requires final human review before becoming a preferred pickup.
queensland_tennis_centre,qtc_osm_076_tees_street,TEES STREET QTC CANDIDATE 076 | YEERONGPILLY,Yeerongpilly,Tees Street,-27.523304,153.015698,1,osm_qtc_road_candidates,raw_road_candidate,264,177,18,6,1124,0.873,Very High,500m-1km,53.0,63.1,96,35,Generated from OpenStreetMap road geometry within 2 km of Queensland Tennis Centre. Road class: residential. Requires final human review before becoming a preferred pickup.
queensland_tennis_centre,qtc_osm_077_unnamed_service_road,UNNAMED SERVICE ROAD QTC CANDIDATE 077 | YEERONGPILLY,Yeerongpilly,Unnamed Service Road,-27.517649,153.007716,1,osm_qtc_road_candidates,raw_road_candidate,27,0,0,0,113,0.876,Medium,500m-1km,86.0,67.5,61.6,76.0,Generated from OpenStreetMap road geometry within 2 km of Queensland Tennis Centre. Road class: service. Requires final human review before becoming a preferred pickup.
queensland_tennis_centre,qtc_osm_078_nelson_street,NELSON STREET QTC CANDIDATE 078 | YEERONGPILLY,Yeerongpilly,Nelson Street,-27.519446,153.012890,1,osm_qtc_road_candidates,raw_road_candidate,134,62,10,0,445,0.878,Very High,500m-1km,76.0,69.5,96,35,Generated from OpenStreetMap road geometry within 2 km of Queensland Tennis Centre. Road class: residential. Requires final human review before becoming a preferred pickup.
queensland_tennis_centre,qtc_osm_079_cardross_street,CARDROSS STREET QTC CANDIDATE 079 | YEERONGPILLY,Yeerongpilly,Cardross Street,-27.521826,153.015203,1,osm_qtc_road_candidates,raw_road_candidate,302,160,23,5,1047,0.889,Very High,500m-1km,50.5,58.9,96,35,Generated from OpenStreetMap road geometry within 2 km of Queensland Tennis Centre. Road class: tertiary. Requires final human review before becoming a preferred pickup.
queensland_tennis_centre,qtc_osm_080_gerlee_street,GERLEE STREET QTC CANDIDATE 080 | TENNYSON,Tennyson,Gerlee Street,-27.526496,152.998237,1,osm_qtc_road_candidates,raw_road_candidate,50,18,3,0,197,0.891,High,500m-1km,83.0,74.9,96,50.8,Generated from OpenStreetMap road geometry within 2 km of Queensland Tennis Centre. Road class: residential. Requires final human review before becoming a preferred pickup.
queensland_tennis_centre,qtc_osm_081_biarra_street,BIARRA STREET QTC CANDIDATE 081 | YEERONGPILLY,Yeerongpilly,Biarra Street,-27.525393,153.016347,1,osm_qtc_road_candidates,raw_road_candidate,139,133,14,0,816,0.902,Very High,500m-1km,72.0,66.0,96,35,Generated from OpenStreetMap road geometry within 2 km of Queensland Tennis Centre. Road class: residential. Requires final human review before becoming a preferred pickup.
queensland_tennis_centre,qtc_osm_082_unnamed_service_road,UNNAMED SERVICE ROAD QTC CANDIDATE 082 | TENNYSON,Tennyson,Unnamed Service Road,-27.527701,153.016025,1,osm_qtc_road_candidates,raw_road_candidate,133,134,4,0,799,0.903,Very High,500m-1km,82.0,64.0,94.4,35,Generated from OpenStreetMap road geometry within 2 km of Queensland Tennis Centre. Road class: service. Requires final human review before becoming a preferred pickup.
queensland_tennis_centre,qtc_osm_083_unnamed_service_road,UNNAMED SERVICE ROAD QTC CANDIDATE 083 | YEERONGPILLY,Yeerongpilly,Unnamed Service Road,-27.517469,153.005618,1,osm_qtc_road_candidates,raw_road_candidate,30,0,0,0,113,0.908,Medium,500m-1km,86.0,67.1,64.0,76.0,Generated from OpenStreetMap road geometry within 2 km of Queensland Tennis Centre. Road class: service. Requires final human review before becoming a preferred pickup.
queensland_tennis_centre,qtc_osm_084_chale_street,CHALE STREET QTC CANDIDATE 084 | TENNYSON,Tennyson,Chale Street,-27.532071,153.012736,1,osm_qtc_road_candidates,raw_road_candidate,108,75,4,4,534,0.91,Very High,500m-1km,72.0,73.9,96,35,Generated from OpenStreetMap road geometry within 2 km of Queensland Tennis Centre. Road class: unclassified. Requires final human review before becoming a preferred pickup.
queensland_tennis_centre,qtc_osm_085_baldock_street,BALDOCK STREET QTC CANDIDATE 085 | TENNYSON,Tennyson,Baldock Street,-27.530577,153.014628,1,osm_qtc_road_candidates,raw_road_candidate,163,91,7,3,614,0.923,Very High,500m-1km,71.5,71.3,96,35,Generated from OpenStreetMap road geometry within 2 km of Queensland Tennis Centre. Road class: unclassified. Requires final human review before becoming a preferred pickup.
queensland_tennis_centre,qtc_osm_086_unnamed_service_road,UNNAMED SERVICE ROAD QTC CANDIDATE 086 | YEERONGPILLY,Yeerongpilly,Unnamed Service Road,-27.517222,153.006786,1,osm_qtc_road_candidates,raw_road_candidate,30,0,0,0,113,0.923,Medium,500m-1km,86.0,66.9,64.0,76.0,Generated from OpenStreetMap road geometry within 2 km of Queensland Tennis Centre. Road class: service. Requires final human review before becoming a preferred pickup.
queensland_tennis_centre,qtc_osm_087_stamford_street,STAMFORD STREET QTC CANDIDATE 087 | YEERONGPILLY,Yeerongpilly,Stamford Street,-27.524490,153.016517,1,osm_qtc_road_candidates,raw_road_candidate,167,163,14,1,978,0.926,Very High,500m-1km,69.5,65.7,96,35,Generated from OpenStreetMap road geometry within 2 km of Queensland Tennis Centre. Road class: residential. Requires final human review before becoming a preferred pickup.
queensland_tennis_centre,qtc_osm_088_king_arthur_terrace,KING ARTHUR TERRACE QTC CANDIDATE 088 | TENNYSON,Tennyson,King Arthur Terrace,-27.524694,152.997673,1,osm_qtc_road_candidates,raw_road_candidate,54,24,4,0,231,0.944,Very High,500m-1km,82.0,73.5,96,42.4,Generated from OpenStreetMap road geometry within 2 km of Queensland Tennis Centre. Road class: secondary. Requires final human review before becoming a preferred pickup.
queensland_tennis_centre,qtc_osm_089_unnamed_service_road,UNNAMED SERVICE ROAD QTC CANDIDATE 089 | YEERONGPILLY,Yeerongpilly,Unnamed Service Road,-27.520199,153.014707,1,osm_qtc_road_candidates,raw_road_candidate,270,145,23,6,1002,0.947,Very High,500m-1km,48.0,48.2,83.6,35,Generated from OpenStreetMap road geometry within 2 km of Queensland Tennis Centre. Road class: service. Requires final human review before becoming a preferred pickup.
queensland_tennis_centre,qtc_osm_090_yeronga_street,YERONGA STREET QTC CANDIDATE 090 | YEERONGPILLY,Yeerongpilly,Yeronga Street,-27.518280,153.012274,1,osm_qtc_road_candidates,raw_road_candidate,97,17,6,0,204,0.948,High,500m-1km,80.0,71.8,96,52.2,Generated from OpenStreetMap road geometry within 2 km of Queensland Tennis Centre. Road class: residential. Requires final human review before becoming a preferred pickup.
queensland_tennis_centre,qtc_osm_091_unnamed_service_road,UNNAMED SERVICE ROAD QTC CANDIDATE 091 | TENNYSON,Tennyson,Unnamed Service Road,-27.533662,153.004272,1,osm_qtc_road_candidates,raw_road_candidate,44,0,0,0,113,0.951,Medium,500m-1km,86.0,66.6,68.0,76.0,Generated from OpenStreetMap road geometry within 2 km of Queensland Tennis Centre. Road class: service. Requires final human review before becoming a preferred pickup.
queensland_tennis_centre,qtc_osm_092_fairfield_road,FAIRFIELD ROAD QTC CANDIDATE 092 | TENNYSON,Tennyson,Fairfield Road,-27.533009,153.011881,1,osm_qtc_road_candidates,raw_road_candidate,47,56,0,0,375,0.952,Very High,500m-1km,86.0,76.6,96,35,Generated from OpenStreetMap road geometry within 2 km of Queensland Tennis Centre. Road class: secondary. Requires final human review before becoming a preferred pickup.
queensland_tennis_centre,qtc_osm_093_park_lane,PARK LANE QTC CANDIDATE 093 | YEERONGPILLY,Yeerongpilly,Park Lane,-27.526705,153.016767,1,osm_qtc_road_candidates,raw_road_candidate,131,85,7,0,548,0.952,Very High,500m-1km,79.0,71.0,96,35,Generated from OpenStreetMap road geometry within 2 km of Queensland Tennis Centre. Road class: residential. Requires final human review before becoming a preferred pickup.
queensland_tennis_centre,qtc_osm_094_unnamed_service_road,UNNAMED SERVICE ROAD QTC CANDIDATE 094 | TENNYSON,Tennyson,Unnamed Service Road,-27.528643,153.016281,1,osm_qtc_road_candidates,raw_road_candidate,108,57,1,0,402,0.96,Very High,500m-1km,85.0,65.7,94.4,35,Generated from OpenStreetMap road geometry within 2 km of Queensland Tennis Centre. Road class: service. Requires final human review before becoming a preferred pickup.
queensland_tennis_centre,qtc_osm_095_biarra_street,BIARRA STREET QTC CANDIDATE 095 | YEERONGPILLY,Yeerongpilly,Biarra Street,-27.523562,153.016688,1,osm_qtc_road_candidates,raw_road_candidate,205,209,10,1,1192,0.96,Very High,500m-1km,73.5,68.5,96,35,Generated from OpenStreetMap road geometry within 2 km of Queensland Tennis Centre. Road class: residential. Requires final human review before becoming a preferred pickup.
queensland_tennis_centre,qtc_osm_096_unnamed_service_road,UNNAMED SERVICE ROAD QTC CANDIDATE 096 | TENNYSON,Tennyson,Unnamed Service Road,-27.532522,153.001412,1,osm_qtc_road_candidates,raw_road_candidate,89,0,0,0,113,0.966,Medium,500m-1km,86.0,66.4,68.0,76.0,Generated from OpenStreetMap road geometry within 2 km of Queensland Tennis Centre. Road class: service. Requires final human review before becoming a preferred pickup.
queensland_tennis_centre,qtc_osm_097_evesham_street,EVESHAM STREET QTC CANDIDATE 097 | TENNYSON,Tennyson,Evesham Street,-27.531517,153.014359,1,osm_qtc_road_candidates,raw_road_candidate,142,59,8,1,434,0.971,Very High,500m-1km,75.5,69.9,96,35,Generated from OpenStreetMap road geometry within 2 km of Queensland Tennis Centre. Road class: unclassified. Requires final human review before becoming a preferred pickup.
queensland_tennis_centre,qtc_osm_098_meiers_road,MEIERS ROAD QTC CANDIDATE 098 | TENNYSON,Tennyson,Meiers Road,-27.517520,153.003117,1,osm_qtc_road_candidates,raw_road_candidate,9,0,0,0,95,0.976,Low,500m-1km,86.0,76.3,65.2,76.0,Generated from OpenStreetMap road geometry within 2 km of Queensland Tennis Centre. Road class: unclassified. Requires final human review before becoming a preferred pickup.
queensland_tennis_centre,qtc_osm_099_unnamed_service_road,UNNAMED SERVICE ROAD QTC CANDIDATE 099 | YEERONGPILLY,Yeerongpilly,Unnamed Service Road,-27.522582,153.016582,1,osm_qtc_road_candidates,raw_road_candidate,273,199,19,3,1220,0.981,Very High,500m-1km,59.5,51.0,89.0,35,Generated from OpenStreetMap road geometry within 2 km of Queensland Tennis Centre. Road class: service. Requires final human review before becoming a preferred pickup.
queensland_tennis_centre,qtc_osm_100_vivian_street,VIVIAN STREET QTC CANDIDATE 100 | TENNYSON,Tennyson,Vivian Street,-27.525590,152.997138,1,osm_qtc_road_candidates,raw_road_candidate,65,23,4,0,226,0.992,Very High,500m-1km,82.0,72.9,96,43.8,Generated from OpenStreetMap road geometry within 2 km of Queensland Tennis Centre. Road class: residential. Requires final human review before becoming a preferred pickup.
queensland_tennis_centre,qtc_osm_101_ellen_street,ELLEN STREET QTC CANDIDATE 101 | TENNYSON,Tennyson,Ellen Street,-27.529471,153.016468,1,osm_qtc_road_candidates,raw_road_candidate,143,33,12,4,356.5,1.014,Very High,1-1.5km,63.9,66.2,96,35,Generated from OpenStreetMap road geometry within 2 km of Queensland Tennis Centre. Road class: unclassified. Requires final human review before becoming a preferred pickup.
queensland_tennis_centre,qtc_osm_102_vivian_street,VIVIAN STREET QTC CANDIDATE 102 | TENNYSON,Tennyson,Vivian Street,-27.527250,152.997084,1,osm_qtc_road_candidates,raw_road_candidate,41,16,3,0,187.6,1.016,High,1-1.5km,82.9,73.4,96,53.6,Generated from OpenStreetMap road geometry within 2 km of Queensland Tennis Centre. Road class: residential. Requires final human review before becoming a preferred pickup.
queensland_tennis_centre,qtc_osm_103_unnamed_service_road,UNNAMED SERVICE ROAD QTC CANDIDATE 103 | TENNYSON,Tennyson,Unnamed Service Road,-27.530515,153.015872,1,osm_qtc_road_candidates,raw_road_candidate,152,39,12,0,356.7,1.02,Very High,1-1.5km,73.8,56.2,94.4,35,Generated from OpenStreetMap road geometry within 2 km of Queensland Tennis Centre. Road class: service. Requires final human review before becoming a preferred pickup.
queensland_tennis_centre,qtc_osm_104_unnamed_service_road,UNNAMED SERVICE ROAD QTC CANDIDATE 104 | TENNYSON,Tennyson,Unnamed Service Road,-27.533843,153.002863,1,osm_qtc_road_candidates,raw_road_candidate,78,0,0,0,113.7,1.02,Medium,1-1.5km,85.8,65.8,68.0,76.0,Generated from OpenStreetMap road geometry within 2 km of Queensland Tennis Centre. Road class: service. Requires final human review before becoming a preferred pickup.
queensland_tennis_centre,qtc_osm_105_cardross_street,CARDROSS STREET QTC CANDIDATE 105 | YEERONGPILLY,Yeerongpilly,Cardross Street,-27.520720,153.016084,1,osm_qtc_road_candidates,raw_road_candidate,294,186,22,6,1185.9,1.026,Very High,1-1.5km,48.8,58.1,96,35,Generated from OpenStreetMap road geometry within 2 km of Queensland Tennis Centre. Road class: tertiary. Requires final human review before becoming a preferred pickup.
queensland_tennis_centre,qtc_osm_106_fairfield_road,FAIRFIELD ROAD QTC CANDIDATE 106 | TENNYSON,Tennyson,Fairfield Road,-27.533887,153.011702,1,osm_qtc_road_candidates,raw_road_candidate,31,36,0,0,276.1,1.031,Very High,1-1.5km,85.8,75.6,96,35,Generated from OpenStreetMap road geometry within 2 km of Queensland Tennis Centre. Road class: secondary. Requires final human review before becoming a preferred pickup.
queensland_tennis_centre,qtc_osm_107_unnamed_service_road,UNNAMED SERVICE ROAD QTC CANDIDATE 107 | TENNYSON,Tennyson,Unnamed Service Road,-27.532332,153.000056,1,osm_qtc_road_candidates,raw_road_candidate,70,0,0,0,114.2,1.035,Medium,1-1.5km,85.7,65.6,68.0,76.0,Generated from OpenStreetMap road geometry within 2 km of Queensland Tennis Centre. Road class: service. Requires final human review before becoming a preferred pickup.
queensland_tennis_centre,qtc_osm_108_shottery_street,SHOTTERY STREET QTC CANDIDATE 108 | YEERONGPILLY,Yeerongpilly,Shottery Street,-27.519480,153.015295,1,osm_qtc_road_candidates,raw_road_candidate,271,134,23,4,924.5,1.043,Very High,1-1.5km,52.7,47.1,87.2,35,Generated from OpenStreetMap road geometry within 2 km of Queensland Tennis Centre. Road class: service. Requires final human review before becoming a preferred pickup.
queensland_tennis_centre,qtc_osm_109_vivian_street,VIVIAN STREET QTC CANDIDATE 109 | TENNYSON,Tennyson,Vivian Street,-27.524552,152.996670,1,osm_qtc_road_candidates,raw_road_candidate,64,25,4,0,237.5,1.044,Very High,1-1.5km,81.6,72.3,96,41.0,Generated from OpenStreetMap road geometry within 2 km of Queensland Tennis Centre. Road class: residential. Requires final human review before becoming a preferred pickup.
queensland_tennis_centre,qtc_osm_110_unnamed_service_road,UNNAMED SERVICE ROAD QTC CANDIDATE 110 | YEERONGPILLY,Yeerongpilly,Unnamed Service Road,-27.516927,153.011714,1,osm_qtc_road_candidates,raw_road_candidate,109,50,7,0,392.9,1.054,Very High,1-1.5km,78.6,59.8,94.4,35,Generated from OpenStreetMap road geometry within 2 km of Queensland Tennis Centre. Road class: service. Requires final human review before becoming a preferred pickup.
queensland_tennis_centre,qtc_osm_111_avoca_street,AVOCA STREET QTC CANDIDATE 111 | YEERONGPILLY,Yeerongpilly,Avoca Street,-27.518434,153.014311,1,osm_qtc_road_candidates,raw_road_candidate,255,93,20,3,677.9,1.054,Very High,1-1.5km,58.1,59.3,96,35,Generated from OpenStreetMap road geometry within 2 km of Queensland Tennis Centre. Road class: residential. Requires final human review before becoming a preferred pickup.
queensland_tennis_centre,qtc_osm_112_meiers_road,MEIERS ROAD QTC CANDIDATE 112 | TENNYSON,Tennyson,Meiers Road,-27.517379,153.001689,1,osm_qtc_road_candidates,raw_road_candidate,11,0,0,0,97.0,1.056,Low,1-1.5km,85.6,75.3,66.8,76.0,Generated from OpenStreetMap road geometry within 2 km of Queensland Tennis Centre. Road class: unclassified. Requires final human review before becoming a preferred pickup.
queensland_tennis_centre,qtc_osm_113_unnamed_service_road,UNNAMED SERVICE ROAD QTC CANDIDATE 113 | TENNYSON,Tennyson,Unnamed Service Road,-27.534490,153.003550,1,osm_qtc_road_candidates,raw_road_candidate,70,3,0,0,130.1,1.061,Medium,1-1.5km,85.5,65.3,74.6,71.8,Generated from OpenStreetMap road geometry within 2 km of Queensland Tennis Centre. Road class: service. Requires final human review before becoming a preferred pickup.
queensland_tennis_centre,qtc_osm_114_wingarra_street,WINGARRA STREET QTC CANDIDATE 114 | YEERONGPILLY,Yeerongpilly,Wingarra Street,-27.523398,153.017752,1,osm_qtc_road_candidates,raw_road_candidate,161,187,7,0,1060.3,1.067,Very High,1-1.5km,78.5,69.6,96,35,Generated from OpenStreetMap road geometry within 2 km of Queensland Tennis Centre. Road class: residential. Requires final human review before becoming a preferred pickup.
queensland_tennis_centre,qtc_osm_115_green_street,GREEN STREET QTC CANDIDATE 115 | YEERONGPILLY,Yeerongpilly,Green Street,-27.525649,153.018086,1,osm_qtc_road_candidates,raw_road_candidate,171,78,12,0,535.6,1.073,Very High,1-1.5km,73.4,65.5,96,35,Generated from OpenStreetMap road geometry within 2 km of Queensland Tennis Centre. Road class: residential. Requires final human review before becoming a preferred pickup.
queensland_tennis_centre,qtc_osm_116_lucy_street,LUCY STREET QTC CANDIDATE 116 | TENNYSON,Tennyson,Lucy Street,-27.529036,153.017403,1,osm_qtc_road_candidates,raw_road_candidate,109,26,14,4,331.8,1.079,Very High,1-1.5km,61.4,63.8,96,35,Generated from OpenStreetMap road geometry within 2 km of Queensland Tennis Centre. Road class: tertiary. Requires final human review before becoming a preferred pickup.
queensland_tennis_centre,qtc_osm_117_mitchlin_street,MITCHLIN STREET QTC CANDIDATE 117 | TENNYSON,Tennyson,Mitchlin Street,-27.531494,153.015843,1,osm_qtc_road_candidates,raw_road_candidate,178,23,17,0,280.8,1.081,Very High,1-1.5km,68.4,61.4,96,43.8,Generated from OpenStreetMap road geometry within 2 km of Queensland Tennis Centre. Road class: unclassified. Requires final human review before becoming a preferred pickup.
queensland_tennis_centre,qtc_osm_118_unwin_street,UNWIN STREET QTC CANDIDATE 118 | TENNYSON,Tennyson,Unwin Street,-27.533102,153.014077,1,osm_qtc_road_candidates,raw_road_candidate,86,30,7,0,275.9,1.082,Very High,1-1.5km,78.3,69.4,96,35,Generated from OpenStreetMap road geometry within 2 km of Queensland Tennis Centre. Road class: unclassified. Requires final human review before becoming a preferred pickup.
queensland_tennis_centre,qtc_osm_119_park_lane,PARK LANE QTC CANDIDATE 119 | YEERONGPILLY,Yeerongpilly,Park Lane,-27.526900,153.018113,1,osm_qtc_road_candidates,raw_road_candidate,196,84,12,0,566.0,1.087,Very High,1-1.5km,73.3,65.4,96,35,Generated from OpenStreetMap road geometry within 2 km of Queensland Tennis Centre. Road class: residential. Requires final human review before becoming a preferred pickup.
queensland_tennis_centre,qtc_osm_120_evesham_street,EVESHAM STREET QTC CANDIDATE 120 | TENNYSON,Tennyson,Evesham Street,-27.532562,153.014887,1,osm_qtc_road_candidates,raw_road_candidate,130,22,14,0,264.1,1.09,Very High,1-1.5km,71.3,63.7,96,45.2,Generated from OpenStreetMap road geometry within 2 km of Queensland Tennis Centre. Road class: unclassified. Requires final human review before becoming a preferred pickup.
queensland_tennis_centre,qtc_osm_121_grosvenor_street,GROSVENOR STREET QTC CANDIDATE 121 | YEERONGPILLY,Yeerongpilly,Grosvenor Street,-27.522373,153.017695,1,osm_qtc_road_candidates,raw_road_candidate,215,187,15,4,1141.2,1.092,Very High,1-1.5km,60.3,62.9,96,35,Generated from OpenStreetMap road geometry within 2 km of Queensland Tennis Centre. Road class: residential. Requires final human review before becoming a preferred pickup.
queensland_tennis_centre,qtc_osm_122_unnamed_service_road,UNNAMED SERVICE ROAD QTC CANDIDATE 122 | TENNYSON,Tennyson,Unnamed Service Road,-27.535297,153.005963,1,osm_qtc_road_candidates,raw_road_candidate,45,0,0,0,116.3,1.094,Medium,1-1.5km,85.2,64.9,68.0,76.0,Generated from OpenStreetMap road geometry within 2 km of Queensland Tennis Centre. Road class: service. Requires final human review before becoming a preferred pickup.
queensland_tennis_centre,qtc_osm_123_unnamed_service_road,UNNAMED SERVICE ROAD QTC CANDIDATE 123 | YEERONGPILLY,Yeerongpilly,Unnamed Service Road,-27.516130,153.010697,1,osm_qtc_road_candidates,raw_road_candidate,92,55,6,0,415.5,1.099,Very High,1-1.5km,79.2,60.0,94.4,35,Generated from OpenStreetMap road geometry within 2 km of Queensland Tennis Centre. Road class: service. Requires final human review before becoming a preferred pickup.
queensland_tennis_centre,qtc_osm_124_vivian_street,VIVIAN STREET QTC CANDIDATE 124 | TENNYSON,Tennyson,Vivian Street,-27.527983,152.996401,1,osm_qtc_road_candidates,raw_road_candidate,43,0,2,0,106.5,1.1,Low,1-1.5km,83.2,73.2,86.0,76.0,Generated from OpenStreetMap road geometry within 2 km of Queensland Tennis Centre. Road class: residential. Requires final human review before becoming a preferred pickup.
queensland_tennis_centre,qtc_osm_125_feez_street,FEEZ STREET QTC CANDIDATE 125 | YEERONGPILLY,Yeerongpilly,Feez Street,-27.517109,153.013075,1,osm_qtc_road_candidates,raw_road_candidate,169,57,13,0,435.5,1.1,Very High,1-1.5km,72.2,64.4,96,35,Generated from OpenStreetMap road geometry within 2 km of Queensland Tennis Centre. Road class: residential. Requires final human review before becoming a preferred pickup.
queensland_tennis_centre,qtc_osm_126_unnamed_service_road,UNNAMED SERVICE ROAD QTC CANDIDATE 126 | TENNYSON,Tennyson,Unnamed Service Road,-27.534318,153.001799,1,osm_qtc_road_candidates,raw_road_candidate,122,28,0,0,257.0,1.114,Very High,1-1.5km,85.1,64.6,94.4,36.8,Generated from OpenStreetMap road geometry within 2 km of Queensland Tennis Centre. Road class: service. Requires final human review before becoming a preferred pickup.
queensland_tennis_centre,qtc_osm_127_rome_street_south,ROME STREET SOUTH QTC CANDIDATE 127 | YEERONGPILLY,Yeerongpilly,Rome Street South,-27.515579,153.009120,1,osm_qtc_road_candidates,raw_road_candidate,58,47,3,0,346.2,1.121,Very High,1-1.5km,82.0,72.1,96,35,Generated from OpenStreetMap road geometry within 2 km of Queensland Tennis Centre. Road class: residential. Requires final human review before becoming a preferred pickup.
queensland_tennis_centre,qtc_osm_128_unnamed_service_road,UNNAMED SERVICE ROAD QTC CANDIDATE 128 | TENNYSON,Tennyson,Unnamed Service Road,-27.532492,152.998803,1,osm_qtc_road_candidates,raw_road_candidate,82,0,0,0,117.7,1.135,Medium,1-1.5km,84.9,64.4,68.0,76.0,Generated from OpenStreetMap road geometry within 2 km of Queensland Tennis Centre. Road class: service. Requires final human review before becoming a preferred pickup.
queensland_tennis_centre,qtc_osm_129_somerset_street,SOMERSET STREET QTC CANDIDATE 129 | YEERONGPILLY,Yeerongpilly,Somerset Street,-27.521070,153.017561,1,osm_qtc_road_candidates,raw_road_candidate,229,199,17,4,1210.7,1.135,Very High,1-1.5km,57.9,60.8,96,35,Generated from OpenStreetMap road geometry within 2 km of Queensland Tennis Centre. Road class: residential. Requires final human review before becoming a preferred pickup.
queensland_tennis_centre,qtc_osm_130_instow_street,INSTOW STREET QTC CANDIDATE 130 | YEERONGPILLY,Yeerongpilly,Instow Street,-27.515261,153.007901,1,osm_qtc_road_candidates,raw_road_candidate,61,41,3,0,317.0,1.143,Very High,1-1.5km,81.9,71.9,96,35,Generated from OpenStreetMap road geometry within 2 km of Queensland Tennis Centre. Road class: residential. Requires final human review before becoming a preferred pickup.
queensland_tennis_centre,qtc_osm_131_crichton_street,CRICHTON STREET QTC CANDIDATE 131 | YEERONGPILLY,Yeerongpilly,Crichton Street,-27.523855,153.018679,1,osm_qtc_road_candidates,raw_road_candidate,196,110,10,0,690.1,1.147,Very High,1-1.5km,74.8,66.2,96,35,Generated from OpenStreetMap road geometry within 2 km of Queensland Tennis Centre. Road class: residential. Requires final human review before becoming a preferred pickup.
queensland_tennis_centre,qtc_osm_132_unnamed_service_road,UNNAMED SERVICE ROAD QTC CANDIDATE 132 | TENNYSON,Tennyson,Unnamed Service Road,-27.535845,153.006998,1,osm_qtc_road_candidates,raw_road_candidate,42,0,0,0,118.2,1.148,Medium,1-1.5km,84.8,64.2,68.0,76.0,Generated from OpenStreetMap road geometry within 2 km of Queensland Tennis Centre. Road class: service. Requires final human review before becoming a preferred pickup.
queensland_tennis_centre,qtc_osm_133_wattle_street,WATTLE STREET QTC CANDIDATE 133 | YEERONGPILLY,Yeerongpilly,Wattle Street,-27.524875,153.018886,1,osm_qtc_road_candidates,raw_road_candidate,178,79,12,0,543.4,1.154,Very High,1-1.5km,72.8,64.5,96,35,Generated from OpenStreetMap road geometry within 2 km of Queensland Tennis Centre. Road class: residential. Requires final human review before becoming a preferred pickup.
queensland_tennis_centre,qtc_osm_134_unnamed_service_road,UNNAMED SERVICE ROAD QTC CANDIDATE 134 | TENNYSON,Tennyson,Unnamed Service Road,-27.534105,153.000494,1,osm_qtc_road_candidates,raw_road_candidate,138,27,1,0,257.7,1.162,Very High,1-1.5km,83.7,63.3,94.4,38.2,Generated from OpenStreetMap road geometry within 2 km of Queensland Tennis Centre. Road class: service. Requires final human review before becoming a preferred pickup.
queensland_tennis_centre,qtc_osm_135_shottery_street,SHOTTERY STREET QTC CANDIDATE 135 | YEERONGPILLY,Yeerongpilly,Shottery Street,-27.518171,153.015606,1,osm_qtc_road_candidates,raw_road_candidate,268,123,21,3,835.7,1.164,Very High,1-1.5km,56.2,57.2,96,35,Generated from OpenStreetMap road geometry within 2 km of Queensland Tennis Centre. Road class: residential. Requires final human review before becoming a preferred pickup.
queensland_tennis_centre,qtc_osm_136_gow_street,GOW STREET QTC CANDIDATE 136 | YEERONGPILLY,Yeerongpilly,Gow Street,-27.525864,153.019014,1,osm_qtc_road_candidates,raw_road_candidate,181,71,16,2,543.8,1.165,Very High,1-1.5km,63.7,61.2,96,35,Generated from OpenStreetMap road geometry within 2 km of Queensland Tennis Centre. Road class: tertiary. Requires final human review before becoming a preferred pickup.
queensland_tennis_centre,qtc_osm_137_fairfield_road,FAIRFIELD ROAD QTC CANDIDATE 137 | TENNYSON,Tennyson,Fairfield Road,-27.535287,153.011514,1,osm_qtc_road_candidates,raw_road_candidate,50,35,0,0,275.8,1.167,Very High,1-1.5km,84.7,74.0,96,35,Generated from OpenStreetMap road geometry within 2 km of Queensland Tennis Centre. Road class: secondary. Requires final human review before becoming a preferred pickup.
queensland_tennis_centre,qtc_osm_138_unnamed_service_road,UNNAMED SERVICE ROAD QTC CANDIDATE 138 | YEERONGPILLY,Yeerongpilly,Unnamed Service Road,-27.516371,153.013547,1,osm_qtc_road_candidates,raw_road_candidate,224,67,18,0,526.8,1.194,Very High,1-1.5km,66.4,49.3,94.4,35,Generated from OpenStreetMap road geometry within 2 km of Queensland Tennis Centre. Road class: service. Requires final human review before becoming a preferred pickup.
queensland_tennis_centre,qtc_osm_139_instow_street,INSTOW STREET QTC CANDIDATE 139 | YEERONGPILLY,Yeerongpilly,Instow Street,-27.514772,153.007052,1,osm_qtc_road_candidates,raw_road_candidate,78,35,7,0,304.8,1.195,Very High,1-1.5km,77.4,68.1,96,35,Generated from OpenStreetMap road geometry within 2 km of Queensland Tennis Centre. Road class: residential. Requires final human review before becoming a preferred pickup.
queensland_tennis_centre,qtc_osm_140_dexter_street,DEXTER STREET QTC CANDIDATE 140 | TENNYSON,Tennyson,Dexter Street,-27.531334,153.017419,1,osm_qtc_road_candidates,raw_road_candidate,190,23,22,4,352.9,1.197,Very High,1-1.5km,52.4,56.0,96,35,Generated from OpenStreetMap road geometry within 2 km of Queensland Tennis Centre. Road class: unclassified. Requires final human review before becoming a preferred pickup.
queensland_tennis_centre,qtc_osm_141_pamphlett_bridge,PAMPHLETT BRIDGE QTC CANDIDATE 141 | TENNYSON,Tennyson,Pamphlett Bridge,-27.524804,152.995072,1,osm_qtc_road_candidates,raw_road_candidate,70,45,4,0,343.0,1.199,Very High,1-1.5km,80.4,70.4,96,35,Generated from OpenStreetMap road geometry within 2 km of Queensland Tennis Centre. Road class: secondary. Requires final human review before becoming a preferred pickup.
queensland_tennis_centre,qtc_osm_142_oloan_street,OLOAN STREET QTC CANDIDATE 142 | YEERONGPILLY,Yeerongpilly,Oloan Street,-27.522635,153.018923,1,osm_qtc_road_candidates,raw_road_candidate,204,138,15,4,900.0,1.199,Very High,1-1.5km,59.4,61.6,96,35,Generated from OpenStreetMap road geometry within 2 km of Queensland Tennis Centre. Road class: residential. Requires final human review before becoming a preferred pickup.
queensland_tennis_centre,qtc_osm_143_lucy_street,LUCY STREET QTC CANDIDATE 143 | TENNYSON,Tennyson,Lucy Street,-27.529597,153.018491,1,osm_qtc_road_candidates,raw_road_candidate,122,23,18,4,337.1,1.202,Very High,1-1.5km,56.4,59.2,96,35,Generated from OpenStreetMap road geometry within 2 km of Queensland Tennis Centre. Road class: tertiary. Requires final human review before becoming a preferred pickup.
queensland_tennis_centre,qtc_osm_144_riverview_place,RIVERVIEW PLACE QTC CANDIDATE 144 | YEERONGPILLY,Yeerongpilly,Riverview Place,-27.514733,153.006027,1,osm_qtc_road_candidates,raw_road_candidate,70,20,7,0,230.2,1.205,Very High,1-1.5km,77.4,67.9,96,48.0,Generated from OpenStreetMap road geometry within 2 km of Queensland Tennis Centre. Road class: residential. Requires final human review before becoming a preferred pickup.
queensland_tennis_centre,qtc_osm_145_heritage_close,HERITAGE CLOSE QTC CANDIDATE 145 | TENNYSON,Tennyson,Heritage Close,-27.514998,153.004244,1,osm_qtc_road_candidates,raw_road_candidate,46,10,1,0,156.2,1.206,Medium,1-1.5km,83.4,72.7,96,62.0,Generated from OpenStreetMap road geometry within 2 km of Queensland Tennis Centre. Road class: residential. Requires final human review before becoming a preferred pickup.
queensland_tennis_centre,qtc_osm_146_christensen_street,CHRISTENSEN STREET QTC CANDIDATE 146 | YEERONGPILLY,Yeerongpilly,Christensen Street,-27.518734,153.016752,1,osm_qtc_road_candidates,raw_road_candidate,297,159,24,3,1029.2,1.207,Very High,1-1.5km,52.8,54.3,96,35,Generated from OpenStreetMap road geometry within 2 km of Queensland Tennis Centre. Road class: residential. Requires final human review before becoming a preferred pickup.
queensland_tennis_centre,qtc_osm_147_ellen_street,ELLEN STREET QTC CANDIDATE 147 | TENNYSON,Tennyson,Ellen Street,-27.530542,153.018049,1,osm_qtc_road_candidates,raw_road_candidate,149,23,22,4,353.2,1.207,Very High,1-1.5km,52.3,55.9,96,35,Generated from OpenStreetMap road geometry within 2 km of Queensland Tennis Centre. Road class: unclassified. Requires final human review before becoming a preferred pickup.
queensland_tennis_centre,qtc_osm_148_mitchlin_street,MITCHLIN STREET QTC CANDIDATE 148 | TENNYSON,Tennyson,Mitchlin Street,-27.532123,153.016941,1,osm_qtc_road_candidates,raw_road_candidate,200,14,17,0,240.3,1.209,Very High,1-1.5km,67.3,59.9,96,56.4,Generated from OpenStreetMap road geometry within 2 km of Queensland Tennis Centre. Road class: unclassified. Requires final human review before becoming a preferred pickup.
queensland_tennis_centre,qtc_osm_149_baldock_street,BALDOCK STREET QTC CANDIDATE 149 | TENNYSON,Tennyson,Baldock Street,-27.532884,153.016258,1,osm_qtc_road_candidates,raw_road_candidate,215,0,21,0,186.4,1.212,High,1-1.5km,63.3,56.7,86.0,76.0,Generated from OpenStreetMap road geometry within 2 km of Queensland Tennis Centre. Road class: unclassified. Requires final human review before becoming a preferred pickup.
queensland_tennis_centre,qtc_osm_150_astolat_street,ASTOLAT STREET QTC CANDIDATE 150 | YEERONGPILLY,Yeerongpilly,Astolat Street,-27.515163,153.011575,1,osm_qtc_road_candidates,raw_road_candidate,141,67,12,0,486.0,1.23,Very High,1-1.5km,72.2,63.6,96,35,Generated from OpenStreetMap road geometry within 2 km of Queensland Tennis Centre. Road class: residential. Requires final human review before becoming a preferred pickup.
